recvswapchain	sendcamera	alphaadd	copyintoswap	netframetime	fps	mbps
50.171001	0.229000	0.419000	0.591000	52.278000	19.128506	167.157028
49.101002	0.253000	0.356000	0.500000	52.025002	19.221527	168.138702
46.381001	0.432000	0.321000	0.452000	48.761002	20.508192	178.397522
50.289001	0.221000	0.304000	0.555000	53.960999	18.531902	162.086166
49.800999	0.297000	0.367000	0.528000	51.840000	19.290123	168.378326
42.300999	0.213000	0.289000	0.499000	46.410000	21.547081	189.184021
45.944000	0.230000	0.292000	0.670000	48.495998	20.620258	181.038681
37.945999	0.162000	0.242000	0.475000	41.820000	23.912004	211.257385
39.226990	0.215000	0.292000	0.479000	41.927979	23.850422	210.589218
43.721001	0.209000	0.285000	0.490000	46.285000	21.605272	189.778931
42.798000	0.440000	0.429000	0.500000	45.394001	22.029343	194.730682
45.597000	0.113000	0.215000	0.429000	47.102001	21.230520	183.751160
45.237000	0.265000	0.310000	0.535000	47.771999	20.932764	183.505966
46.882999	0.567000	0.229000	0.553000	49.147999	20.346708	176.643188
46.271999	0.173000	0.240000	0.553000	48.500999	20.618132	180.687729
44.526001	0.255000	0.350000	0.526000	47.023998	21.265738	186.343124
46.752998	0.241000	0.293000	0.515000	48.727001	20.522503	179.700699
42.560001	0.250000	0.302000	0.499000	45.234001	22.107264	193.642838
36.723000	0.178000	0.264000	0.465000	39.098000	25.576756	226.284912
39.104000	0.252000	0.302000	0.468000	41.066002	24.351044	214.586304
36.661999	0.181000	0.280000	0.452000	39.549999	25.284451	224.270340
45.523998	0.223000	0.296000	0.483000	47.868999	20.890347	183.405655
43.882000	0.259000	0.328000	0.500000	46.314999	21.591278	188.992188
40.884998	0.174000	0.286000	0.488000	43.240002	23.126734	203.281357
36.778000	0.172000	0.377000	0.462000	40.310001	24.807739	219.269882
37.299999	0.227000	0.302000	0.474000	39.564999	25.274864	223.012299
44.911999	0.213000	0.378000	0.471000	46.938000	21.304701	187.007782
39.393002	0.232000	0.308000	0.489000	41.723999	23.967022	210.959869
37.452999	0.197000	0.379000	0.468000	39.966999	25.020643	220.671555
36.556000	0.198000	0.286000	0.472000	38.987999	25.648918	226.053177
36.499023	0.180000	0.270000	0.462000	41.734009	23.961273	210.864502
43.799000	0.246000	0.349000	0.505000	46.657001	21.433010	188.724335
47.421001	0.238000	0.303000	0.476000	49.796001	20.081934	175.596756
45.534000	0.226000	0.295000	0.475000	47.890999	20.880751	182.579346
45.243999	0.224000	0.303000	0.487000	47.657001	20.983276	183.353546
43.269001	0.233000	0.368000	0.514000	45.764000	21.851236	191.897507
44.162998	0.252000	0.305000	0.511000	46.741001	21.394493	187.312607
43.640999	0.564000	0.252000	0.427000	45.953999	21.760893	189.860550
45.768002	0.253000	0.293000	0.458000	48.200001	20.746887	184.762955
45.750999	0.241000	0.295000	0.503000	47.736000	20.948551	183.884079
44.009998	0.212000	0.313000	0.497000	46.391998	21.555441	188.195084
46.264999	0.119000	0.209000	0.434000	48.179001	20.755930	179.804688
45.339001	0.160000	0.343000	0.479000	48.382999	20.668417	179.531479
44.360001	0.260000	0.396000	0.524000	46.945999	21.301069	186.438370
43.842999	0.258000	0.342000	0.566000	46.509998	21.500753	189.102966
44.148998	0.152000	0.266000	0.452000	46.714001	21.406858	187.824280
42.653000	0.191000	0.332000	0.480000	45.132999	22.156736	194.486877
43.318001	0.221000	0.293000	0.746000	46.265999	21.614145	191.171555
41.966000	0.145000	0.277000	0.455000	44.189999	22.629555	197.276901
36.624001	0.148000	0.271000	0.416000	39.348999	25.413607	223.493561
44.320999	0.148000	0.397000	0.490000	46.287998	21.603872	188.962387
37.341999	0.154000	0.241000	0.420000	39.864014	25.085281	219.510727
44.862000	0.150000	0.243000	0.465000	47.028999	21.263475	185.486084
40.456001	0.226000	0.291000	0.476000	42.692001	23.423592	205.135529
43.723000	0.217000	0.314000	0.549000	46.243000	21.624895	190.641510
43.185001	0.771000	0.366000	0.524000	45.786999	21.840261	191.932648
44.905998	0.145000	0.395000	0.511000	47.664001	20.980194	185.052338
44.492001	0.154000	0.384000	0.468000	46.645000	21.438524	188.932602
45.312000	0.196000	0.333000	0.568000	48.005001	20.831163	183.441757
43.706001	0.218000	0.338000	0.513000	47.713001	20.958649	183.952621
43.284000	0.192000	0.300000	0.491000	45.713001	21.875614	194.342697
47.537998	0.138000	0.370000	0.473000	49.745998	20.102119	175.284882
45.560001	0.206000	0.327000	0.495000	47.974998	20.844191	181.969421
46.721001	0.124000	0.258000	0.449000	49.076000	20.376558	177.864182
43.446999	0.178000	0.290000	0.453000	46.087002	21.698092	188.877319
44.818001	0.224000	0.376000	0.528000	47.326000	21.130033	185.711945
42.860001	0.156000	0.330000	0.516000	45.493999	21.980921	193.321533
40.723999	0.180000	0.303000	0.508000	43.355999	23.064859	203.050079
43.488998	0.186000	0.344000	0.490000	46.056000	21.712698	190.265320
43.153999	0.137000	0.251000	0.519000	45.526001	21.965469	191.765915
43.852001	0.170000	0.378000	0.465000	46.308998	21.594076	189.440353
44.523998	0.189000	0.301000	0.488000	46.855999	21.341984	186.961929
44.240002	0.208000	0.382000	0.510000	46.814999	21.360676	187.672989
39.482971	0.199000	0.305000	0.558000	42.098022	23.754086	210.367462
37.106998	0.158000	0.332000	0.468000	40.101002	24.937033	222.273636
43.063999	0.194000	0.393000	0.533000	45.646000	21.907724	192.983536
46.416000	0.206000	0.517000	0.547000	49.286999	20.289326	179.121292
44.299000	0.200000	0.390000	0.526000	49.966000	20.013609	176.527939
46.459999	0.212000	0.505000	0.682000	49.130001	20.354162	180.563263
46.958000	0.232000	0.679000	0.557000	50.044998	19.982018	177.023407
44.459999	0.148000	0.395000	0.488000	50.048000	19.980818	175.534286
48.580002	0.240000	0.674000	0.577000	51.748001	19.324417	170.455124
49.105999	0.243000	0.641000	0.570000	52.141998	19.178398	169.535324
42.610001	0.185000	0.343000	0.551000	45.465000	21.994942	193.978683
44.069000	0.759000	0.290000	0.474000	46.404999	21.549402	188.461456
43.346001	0.192000	0.338000	0.479000	48.046001	20.813387	182.511810
44.730999	0.189000	0.300000	0.501000	48.131001	20.776630	182.941696
44.838001	0.182000	0.308000	0.566000	47.410000	21.092596	185.559937
43.720001	0.144000	0.332000	0.481000	46.310001	21.593607	189.290726
42.786999	0.216000	0.524000	0.539000	45.612000	21.924055	195.179230
43.110001	0.200000	0.396000	0.619000	48.139999	20.772747	183.105408
43.623001	0.195000	0.387000	0.669000	47.334999	21.126017	186.778763
45.286999	0.233000	0.453000	0.543000	48.092999	20.793047	182.921738
40.409000	0.168000	0.380000	0.549000	43.233002	23.130478	205.240952
45.604980	0.195000	0.389000	0.510000	48.499023	20.618973	181.803802
44.365002	0.143000	0.280000	0.509000	47.623001	20.998257	184.146454
44.002998	0.226000	0.330000	0.449000	46.646999	21.437607	187.572296
44.837002	0.179000	0.303000	0.551000	47.250999	21.163574	184.929962
39.071999	0.182000	0.385000	0.532000	41.903000	23.864639	211.124451
36.757000	0.147000	0.267000	0.467000	40.255001	24.841635	218.949387
44.650002	0.185000	0.331000	0.498000	49.129002	20.354576	177.668289
38.646999	0.178000	0.296000	0.466000	40.846001	24.482201	215.180786
43.084999	0.146000	0.263000	0.461000	49.061001	20.382788	178.034042
42.150002	0.159000	0.451000	0.501000	44.938000	22.252882	196.013824
37.470001	0.203000	0.390000	0.505000	40.133999	24.916531	220.260162
36.569000	0.187000	0.446000	0.481000	39.183998	25.520622	226.596634
36.338001	0.141000	0.256000	0.520000	38.879002	25.720825	227.333527
36.335999	0.139000	0.219000	0.401000	38.647999	25.874561	226.989059
42.876999	0.108000	0.277000	0.482000	46.943001	21.302431	185.297607
46.893002	0.188000	0.337000	0.661000	49.693001	20.123558	175.743912
43.486000	0.181000	0.575000	0.505000	46.573002	21.471666	190.187683
42.401001	0.440000	0.370000	0.489000	47.965000	20.848536	184.190933
47.026001	0.164000	0.415000	0.522000	50.026001	19.989605	176.234970
44.187000	0.170000	0.383000	0.731000	48.550999	20.596899	182.507843
42.195000	0.194000	0.359000	0.478000	44.912998	22.265270	195.867386
44.053001	0.190000	0.304000	0.496000	46.623001	21.448641	189.856247
44.343994	0.203000	0.350000	0.516000	47.213989	21.180162	185.605164
42.938999	0.616000	0.329000	0.582000	45.529999	21.963541	195.420212
44.167000	0.154000	0.341000	0.549000	46.844002	21.347450	187.325165
40.585999	0.163000	0.325000	0.721000	43.333000	23.077101	205.890778
35.278000	0.162000	0.432000	0.461000	38.446999	26.009832	232.687256
47.269001	0.906000	0.350000	0.552000	49.924000	20.030447	175.611450
47.990002	0.298000	0.392000	0.526000	50.834999	19.671486	172.772186
47.558998	0.186000	0.307000	0.523000	49.981998	20.007204	175.120209
45.314999	0.175000	0.455000	0.519000	47.995998	20.835070	182.873901
46.312000	0.197000	0.343000	0.512000	48.861000	20.466221	179.393250
44.162998	0.359000	0.395000	0.493000	47.495998	21.054405	186.878632
43.476002	0.147000	0.341000	0.564000	46.349998	21.574974	191.433319
47.449001	0.210000	0.355000	0.741000	50.393002	19.844025	179.974426
41.929001	0.219000	0.376000	0.559000	44.737000	22.352863	197.490524
40.039001	0.218000	0.516000	0.806000	42.998001	23.256895	207.968277
35.166000	0.130000	0.222000	0.429000	37.472000	26.686592	234.725174
46.150002	0.128000	0.247000	0.479000	48.816002	20.485086	179.681442
43.726002	0.200000	0.505000	0.562000	46.555000	21.479969	189.538803
38.854000	0.132000	0.257000	0.451000	41.344002	24.187305	212.375198
36.153999	0.192000	0.299000	0.506000	38.828999	25.753948	228.304932
37.544998	0.144000	0.267000	0.467000	40.352001	24.781918	219.029434
43.268005	0.195000	0.391000	0.537000	46.567993	21.473976	190.252457
46.064999	0.547000	0.492000	0.554000	48.922001	20.440701	181.563736
43.308998	0.511000	0.362000	0.529000	47.597000	21.009727	186.554459
45.282001	0.230000	0.494000	0.805000	48.481998	20.626213	182.822083
43.129002	0.161000	0.384000	0.536000	45.921001	21.776529	192.368378
46.393002	0.252000	0.532000	0.553000	48.986000	20.413996	179.912674
37.743000	0.160000	0.404000	0.468000	41.391998	24.159258	214.087952
44.442001	0.219000	0.478000	0.846000	47.558998	21.026516	188.254211
37.299999	0.163000	0.392000	0.585000	40.008999	24.994377	222.432785
42.925999	0.175000	0.417000	0.494000	45.372002	22.040024	193.911438
43.153000	0.205000	0.333000	0.771000	45.669998	21.896214	193.889008
34.973000	0.159000	0.334000	0.724000	37.766998	26.478144	240.196075
42.644001	0.185000	0.373000	0.533000	45.424000	22.014793	195.052155
42.895000	0.203000	0.339000	0.532000	45.678001	21.892376	192.659973
36.397999	0.144000	0.349000	0.466000	38.889000	25.714212	227.462982
42.792999	0.187000	0.329000	0.520000	45.222000	22.113131	194.495880
39.300999	0.193000	0.360000	0.731000	42.001999	23.808392	212.085251
35.755001	0.152000	0.372000	0.484000	38.328999	26.089907	232.069275
43.000999	0.201000	0.362000	0.990000	46.056000	21.712698	193.116821
37.432999	0.104000	0.221000	0.411000	39.674000	25.205425	221.944321
36.033001	0.133000	0.335000	0.713000	38.730000	25.819778	230.665390
35.998001	0.152000	0.359000	0.477000	38.577000	25.922182	230.020233
43.505001	0.195000	0.302000	0.517000	46.016998	21.731100	190.541916
43.021973	0.147000	0.279000	0.505000	45.528992	21.964027	194.852676
43.525002	0.170000	0.377000	0.504000	46.237000	21.627701	190.054108
42.959000	0.211000	0.294000	0.543000	45.848000	21.811203	191.704544
44.803001	0.503000	0.327000	0.552000	47.042999	21.257149	187.710800
44.311001	0.190000	0.370000	0.616000	47.811001	20.915688	183.710938
43.358002	0.488000	0.313000	0.553000	49.359001	20.259729	178.439255
37.148998	0.168000	0.378000	0.773000	40.349998	24.783148	222.787247
35.034000	0.210000	0.372000	0.512000	38.068001	26.268782	235.443253
39.411999	0.152000	0.372000	0.489000	42.381001	23.595478	208.723755
36.618000	0.267000	0.311000	0.528000	47.063000	21.248114	220.127197
46.035999	0.196000	0.336000	0.801000	49.089001	20.371162	180.028488
43.341000	0.182000	0.473000	0.553000	46.380001	21.561018	189.985229
37.008999	0.149000	0.277000	0.469000	39.723000	25.174332	222.044205
37.000000	0.160000	0.379000	0.483000	40.084999	24.946989	222.173569
43.950001	0.138000	0.254000	0.508000	46.311001	21.593142	188.890060
36.831001	0.159000	0.336000	0.469000	39.625000	25.236593	224.054718
43.750999	0.176000	0.291000	0.493000	46.418999	21.542904	189.684525
39.497002	0.145000	0.271000	0.498000	42.231998	23.678728	208.485138
45.598999	0.184000	0.300000	0.571000	48.441002	20.643669	181.512665
45.772999	0.186000	0.299000	0.816000	48.219002	20.738712	182.913773
38.820999	0.514000	0.194000	0.450000	41.113998	24.322617	211.951294
37.424000	0.113000	0.303000	0.459000	39.598999	25.253164	221.481400
50.112976	0.194000	0.416000	0.576000	52.911987	18.899309	166.055054
35.633999	0.201000	0.308000	0.521000	39.590000	25.258904	225.215652
37.205002	0.150000	0.341000	0.508000	39.523998	25.301085	223.893250
37.679001	0.207000	0.331000	0.812000	42.358002	23.608290	211.236099
35.284000	0.170000	0.424000	0.514000	39.050999	25.607540	229.887848
33.582001	0.182000	0.387000	0.494000	38.783001	25.784492	228.759430
36.467999	0.167000	0.436000	0.514000	40.995998	24.392624	219.132431
38.220001	0.160000	0.373000	0.500000	41.435001	24.134186	214.751114
38.443001	0.097000	0.241000	0.461000	40.744999	24.542889	214.542404
38.743999	0.150000	0.260000	0.827000	41.068001	24.349859	215.778580
36.398998	0.149000	0.348000	0.489000	39.035000	25.618034	226.786560
36.409000	0.145000	0.278000	0.473000	39.115002	25.565639	225.627579
37.094002	0.191000	0.304000	0.533000	39.935001	25.040689	222.793152
36.703999	0.139000	0.259000	0.675000	39.611000	25.245512	226.989059
37.972000	0.332000	0.535000	0.548000	41.118000	24.320250	217.490494
39.618999	0.170000	0.415000	0.490000	42.772999	23.379234	206.870728
36.973999	0.155000	0.498000	0.750000	40.127998	24.920256	224.168442
39.373001	0.167000	0.378000	0.568000	42.423000	23.572119	210.451782
43.202000	0.185000	0.377000	0.540000	46.459000	21.524355	190.343033
44.118000	0.210000	0.384000	0.816000	46.848000	21.345629	190.619858
37.174999	0.135000	0.264000	0.490000	39.428001	25.362686	224.006836
43.220001	0.206000	0.409000	0.536000	45.890999	21.790766	191.490128
40.242001	0.197000	0.386000	0.542000	43.390999	23.046255	203.928726
42.605999	0.115000	0.283000	0.682000	45.452999	22.000748	196.018417
44.093994	0.539000	0.208000	0.433000	45.916992	21.778431	191.757263
39.488998	0.187000	0.337000	0.482000	41.930000	23.849272	209.432465
36.238998	0.144000	0.337000	0.471000	38.893002	25.711567	229.303452
37.178001	0.137000	0.475000	0.502000	40.141998	24.911566	222.651245
43.719002	0.159000	0.407000	0.495000	46.757999	21.386715	188.898575
43.505001	0.205000	0.422000	0.839000	46.724998	21.401819	191.128006
34.952999	0.208000	0.382000	0.543000	37.604000	26.592916	236.318771
38.183998	0.156000	0.344000	0.500000	40.862999	24.472017	216.564026
43.811001	0.219000	0.388000	0.842000	47.390999	21.101053	187.992645
43.738998	0.246000	0.406000	0.544000	46.513000	21.499365	190.880112
44.897999	0.211000	0.382000	0.550000	47.400002	21.097046	185.761276
42.910000	0.171000	0.510000	0.555000	47.469002	21.066380	186.625015
41.901001	0.176000	0.397000	0.740000	45.342999	22.054121	197.965927
41.433998	0.256000	0.445000	0.549000	44.466999	22.488588	199.235428
51.957001	0.214000	0.433000	0.532000	54.667999	18.292236	160.112381
42.327999	0.213000	0.389000	0.557000	46.175999	21.656273	190.910507
43.539001	0.245000	0.387000	0.533000	46.171001	21.658617	191.673889
44.116001	0.210000	0.388000	0.517000	46.792000	21.371174	187.442368
43.758999	0.182000	0.430000	0.590000	46.674999	21.424746	188.881577
38.373001	0.145000	0.356000	0.490000	40.873001	24.466028	216.731888
45.048000	0.197000	0.387000	0.520000	47.542999	21.033590	184.559723
38.881001	0.139000	0.266000	0.461000	40.880001	24.461840	218.004837
37.481995	0.175000	0.397000	0.498000	40.278992	24.826838	220.747177
39.432999	0.206000	0.359000	0.553000	42.201000	23.696121	210.716095
35.216000	0.138000	0.250000	0.533000	37.544998	26.634706	235.615189
35.924000	0.144000	0.450000	0.461000	38.556999	25.935629	229.247055
47.952999	0.195000	0.296000	0.645000	50.646000	19.744896	172.530563
36.721001	0.207000	0.343000	0.502000	38.981998	25.652866	227.982300
35.963001	0.142000	0.271000	0.461000	39.169998	25.529743	225.288254
43.945000	0.225000	0.481000	0.664000	48.285999	20.709936	182.977585
41.588001	0.228000	0.421000	0.531000	44.298000	22.574383	198.876419
41.973000	0.143000	0.277000	0.734000	44.266998	22.590193	200.593231
42.423000	0.145000	0.264000	0.480000	44.758999	22.341875	196.022995
43.819000	0.187000	0.300000	0.618000	47.231998	21.172087	186.372101
45.528000	0.213000	0.380000	0.803000	48.355999	20.679958	184.498825
44.006001	0.208000	0.390000	0.513000	46.960999	21.294266	188.911346
45.700001	0.206000	0.341000	0.800000	48.673000	20.545271	181.925995
42.327000	0.208000	0.373000	0.547000	45.403000	22.024977	195.830795
44.840000	0.159000	0.425000	0.521000	47.810001	20.916126	183.928421
41.598999	0.166000	0.463000	0.509000	45.174999	22.136137	196.334961
43.333000	0.198000	0.524000	0.570000	46.303001	21.596872	191.862396
46.379002	0.212000	0.479000	0.860000	49.452999	20.221220	180.559372
36.845001	0.161000	0.325000	0.595000	40.143002	24.910942	220.312225
45.388000	0.135000	0.345000	0.703000	48.367001	20.675253	183.513992
37.070007	0.197000	0.385000	0.579000	40.630005	24.612352	219.269791
39.811001	0.212000	0.399000	0.539000	42.588001	23.480791	207.927002
36.306000	0.441000	0.440000	0.496000	39.879002	25.075853	224.204407
36.098999	0.183000	0.393000	0.799000	39.195999	25.512808	231.052933
38.769001	0.189000	0.299000	0.513000	41.409000	24.149340	212.865601
46.325001	0.186000	0.294000	0.765000	48.675999	20.544006	182.028656
40.766998	0.159000	0.464000	0.559000	43.769001	22.847219	201.421677
37.005001	0.234000	0.405000	0.462000	40.210999	24.868818	221.891510
35.841999	0.144000	0.255000	0.490000	38.480999	25.986851	230.659027
38.048000	0.211000	0.403000	0.529000	41.111000	24.324390	215.280197
36.061001	0.165000	0.360000	0.812000	38.834999	25.749968	232.926315
44.623001	0.235000	0.377000	0.516000	47.355999	21.116650	186.604263
46.327999	0.214000	0.391000	0.529000	48.790001	20.496002	179.916534
45.094002	0.181000	0.291000	0.488000	47.819000	20.912189	182.977585
51.187000	0.172000	0.293000	0.516000	53.101002	18.832037	164.757111
42.535999	0.154000	0.245000	0.458000	46.018002	21.730627	192.165665
35.375000	0.090000	0.216000	0.446000	38.946999	25.675919	225.700424
39.132999	0.177000	0.283000	0.501000	41.001999	24.389055	214.082504
46.028999	0.191000	0.299000	0.467000	49.220001	20.316944	177.375259
43.130001	0.116000	0.207000	0.492000	45.487000	21.984303	191.455170
42.285999	0.141000	0.250000	0.469000	44.257000	22.595295	197.267624
39.148998	0.202000	0.323000	0.523000	41.629002	24.021715	212.122787
49.637001	0.251000	0.749023	0.575000	53.216003	18.791340	166.725128
43.296001	0.203000	0.387000	0.540000	46.236000	21.628168	192.121658
44.560001	0.191000	0.495000	0.535000	47.084999	21.238186	187.778030
43.081001	0.173000	0.382000	0.844000	47.007000	21.273428	189.796082
40.924999	0.163000	0.423000	0.504000	43.990002	22.732439	202.008575
36.192001	0.157000	0.385000	0.501000	38.724998	25.823112	229.228241
46.334999	0.175000	0.292000	0.497000	49.952999	20.018818	174.678970
38.730999	0.126000	0.226000	0.420000	43.112000	23.195398	202.476654
37.694000	0.203000	0.393000	0.497000	40.810001	24.503798	216.050903
44.632999	0.227000	0.341000	0.547000	47.354000	21.117540	186.264496
42.806000	0.803000	0.501000	0.526000	46.466000	21.521112	190.485687
46.278000	0.216000	0.343000	0.535000	49.396000	20.244555	179.727646
43.073002	0.210000	0.336000	0.507000	45.747002	21.859356	194.333679
43.397999	0.215000	0.342000	0.519000	46.056000	21.712698	191.263092
43.078999	0.203000	0.364000	0.528000	45.889999	21.791241	191.783447
41.618999	0.160000	0.383000	0.547000	44.209999	22.619318	200.363251
35.101002	0.172000	0.362000	0.470000	37.997002	26.317865	233.692001
35.226002	0.158000	0.334000	0.488000	37.984001	26.326874	234.902649
36.014000	0.208000	0.343000	0.512000	39.574001	25.269115	225.076675
36.577999	0.158000	0.359000	0.499000	39.590000	25.258904	225.379028
44.299999	0.197000	0.289000	0.519000	46.688999	21.418322	187.988419
44.127998	0.208000	0.337000	0.542000	46.780998	21.376200	188.932602
44.247002	0.156000	0.524000	0.528000	46.869999	21.335609	189.925018
40.895996	0.165000	0.453000	0.496000	43.718994	22.873354	201.853104
36.257000	0.254000	0.378000	0.530000	39.085999	25.584610	227.333527
39.004002	0.157000	0.353000	0.474000	41.974998	23.823706	211.828171
42.345001	0.205000	0.374000	0.536000	45.278999	22.085293	195.056686
44.283001	0.211000	0.335000	0.535000	46.960999	21.294266	187.007782
45.676998	0.198000	0.395000	0.534000	48.374001	20.672262	181.434158
34.638000	0.164000	0.427000	0.485000	38.429001	26.022015	231.339676
35.787998	0.145000	0.384000	0.501000	38.483002	25.985498	231.575974
39.429001	0.125000	0.224000	0.426000	41.657001	24.005568	209.563263
38.140999	0.168000	0.294000	0.456000	40.708000	24.565195	215.451584
37.775002	0.158000	0.423000	0.461000	40.631001	24.611750	218.413513
37.555000	0.137000	0.376000	0.481000	41.334000	24.193159	212.957474
36.763000	0.436000	0.438000	0.469000	39.590000	25.258904	224.240372
37.617001	0.167000	0.421000	0.756000	40.525002	24.676125	221.686249
40.455002	0.212000	0.334000	0.527000	42.960999	23.276926	205.769577
44.198002	0.213000	0.384000	0.789000	47.801998	20.919628	184.649078
39.271000	0.165000	0.476000	0.562000	42.117001	23.743382	210.425369
35.299000	0.157000	0.394000	0.480000	38.950001	25.673941	228.069061
43.799999	0.174000	0.300000	0.514000	47.483002	21.060167	184.746689
40.414001	0.150000	0.435000	0.505000	43.139999	23.180344	205.774628
40.097000	0.756000	0.287000	0.510000	42.583000	23.483549	207.433441
37.908001	0.143000	0.293000	0.825000	42.039001	23.787436	211.978058
37.382999	0.152000	0.378000	0.484000	39.960999	25.024399	221.393723
38.794983	0.147000	0.288000	0.497000	41.307983	24.208395	213.695251
37.110001	0.168000	0.433000	0.489000	40.764000	24.531450	218.829437
35.673000	0.150000	0.409000	0.731000	39.403000	25.378778	228.410599
37.216000	0.203000	0.405000	0.544000	40.084000	24.947611	222.409210
47.160000	0.227000	0.487000	0.596000	49.676998	20.130041	177.623123
39.845001	0.170000	0.436000	0.553000	42.944000	23.286140	208.040482
46.087002	0.228000	0.518000	0.556000	48.630001	20.563438	181.202927
43.796001	0.194000	0.411000	0.564000	47.610001	21.003990	185.938324
42.825001	0.192000	0.303000	0.870000	45.644001	21.908684	195.442963
37.481998	0.181000	0.295000	0.510000	40.116001	24.927710	219.493652
44.146000	0.129000	0.225000	0.436000	46.463001	21.522501	187.245728
47.512001	0.162000	0.516000	0.499000	50.199001	19.920715	174.566269
45.581001	0.187000	0.295000	0.495000	47.923000	20.866808	182.357086
39.992001	0.201000	0.299000	0.507000	43.308998	23.089890	204.735016
38.252998	0.140000	0.275000	0.564000	41.103001	24.329124	215.706451
38.889999	0.170000	0.296000	0.497000	41.337002	24.191401	212.531235
45.876999	0.183000	0.303000	0.798000	49.724998	20.110609	178.869202
42.653000	0.204000	0.384000	0.532000	47.106998	21.228268	187.028625
35.904999	0.161000	0.439000	0.510000	38.862000	25.732079	229.153122
37.889000	0.202000	0.376000	0.813000	41.153999	24.298975	218.248734
41.404999	0.161000	0.424000	0.497000	44.389000	22.528105	199.567200
46.327999	0.207000	0.371000	0.798000	49.400002	20.242914	179.770020
40.979004	0.189000	0.327000	0.529000	44.039978	22.706642	202.496078
36.180000	0.335000	0.561000	0.551000	41.161999	24.294252	217.163940
44.748001	0.146000	0.257000	0.482000	47.284000	21.148804	185.268951
44.678001	0.163000	0.309000	0.787000	47.063999	21.247663	187.254074
49.436001	0.198000	0.293000	0.494000	51.995998	19.232248	168.209503
42.846001	0.215000	0.389000	0.531000	46.021999	21.728739	191.660751
44.563000	0.193000	0.332000	0.816000	47.672001	20.976673	186.546173
43.745998	0.133000	0.396000	0.517000	46.175999	21.656273	189.800400
45.257000	0.190000	0.338000	0.531000	47.689999	20.968758	182.937698
44.338001	0.216000	0.385000	0.510000	47.153999	21.207109	186.595947
44.097000	0.234000	0.581000	0.525000	47.126999	21.219259	187.036972
43.816002	0.141000	0.268000	0.504000	46.429001	21.538261	189.697388
39.757999	0.538000	0.199000	0.429000	45.646999	21.907246	191.158493
38.424000	0.188000	0.300000	0.568000	41.415001	24.145840	216.039764
36.655998	0.161000	0.340000	0.506000	39.283001	25.456305	226.370422
43.346001	0.207000	0.342000	0.540000	47.058998	21.249922	187.576492
44.837002	0.251000	0.351000	0.548000	47.674999	20.975355	184.559723
46.175999	0.482000	0.439000	0.540000	49.046001	20.389023	179.473846
42.319000	0.204000	0.352000	0.700000	45.703999	21.879923	193.508835
43.833000	0.175000	0.385000	0.572000	47.282001	21.149696	187.605850
43.393002	0.140000	0.261000	0.466000	46.478001	21.515556	188.368362
44.396999	0.190000	0.301000	0.517000	47.084000	21.238638	188.169754
43.929016	0.191000	0.332000	0.531000	46.927979	21.309250	189.000839
47.210999	0.207000	0.389000	0.689000	50.348999	19.861368	175.965088
44.036999	0.202000	0.332000	0.535000	46.719002	21.404568	190.715195
39.187000	0.212000	0.393000	0.802000	42.314999	23.632282	212.020950
39.324001	0.180000	0.351000	0.487000	42.090000	23.758612	210.167053
46.852001	0.198000	0.381000	0.669000	50.539001	19.786699	173.947296
43.667000	0.203000	0.379000	0.533000	46.300999	21.597807	190.343033
38.186001	0.155000	0.321000	0.844000	41.228001	24.255360	217.338348
40.256001	0.157000	0.421000	0.504000	43.924000	22.766598	201.180130
43.636002	0.192000	0.405000	0.531000	47.806000	20.917877	184.158600
43.537998	0.206000	0.424000	0.815000	47.259998	21.159544	188.563126
41.516998	0.115000	0.211000	0.493000	43.189999	23.153509	202.672348
43.296001	0.171000	0.495000	0.534000	46.577000	21.469824	189.748871
44.471001	0.197000	0.431000	0.540000	47.554001	21.028725	185.868301
45.974998	0.175000	0.285000	0.526000	49.935001	20.026033	175.637192
40.654999	0.183000	0.290000	0.469000	43.737000	22.863937	200.722809
42.334000	0.133000	0.234000	0.686000	44.801998	22.320433	196.929550
42.949001	0.160000	0.372000	0.552000	44.896999	22.273203	195.775955
38.041000	0.169000	0.380000	0.511000	41.667000	23.999807	211.641129
47.904999	0.500000	0.300000	0.516000	50.393002	19.844025	173.214554
42.712002	0.210000	0.305000	0.764000	45.717999	21.873224	193.281448
41.427002	0.153000	0.268000	0.472000	44.159973	22.644941	200.622055
36.901001	0.182000	0.369000	0.485000	41.620998	24.026333	212.391342
51.695999	0.307000	0.583000	0.874000	55.622002	17.978497	161.254257
44.223000	0.232000	0.499000	0.549000	49.504002	20.200388	181.050400
45.435001	0.167000	0.377000	0.810000	48.212002	20.741724	183.425705
41.457001	0.225000	0.510000	0.584000	44.750999	22.345869	198.518738
42.341000	0.194000	0.394000	0.535000	46.054001	21.713640	191.472641
37.860001	0.173000	0.393000	0.505000	41.256001	24.238899	214.696152
38.384998	0.230000	0.400000	0.514000	41.361000	24.177364	214.290298
40.939999	0.206000	0.390000	0.598000	44.159000	22.645441	201.857880
41.709000	0.175000	0.404000	0.741000	44.592999	22.425045	200.262787
41.166000	0.217000	0.381000	0.495000	43.772999	22.845133	201.528122
44.450001	0.196000	0.336000	0.495000	47.694000	20.966997	183.281418
48.548000	0.194000	0.360000	0.482000	50.576000	19.772224	172.555405
45.784000	0.187000	0.333000	0.502000	48.215000	20.740433	180.773376
47.026001	0.212000	0.376000	0.638000	51.483002	19.423887	171.770981
46.424000	0.176000	0.290000	0.489000	49.971001	20.011606	175.325165
50.990002	0.207000	0.506000	0.515000	54.103001	18.483263	162.510086
45.780998	0.211000	0.336000	0.496000	47.915001	20.870291	182.535645
39.730000	0.199000	0.327000	0.487000	43.334999	23.076036	202.579346
41.608002	0.211000	0.336000	0.796000	44.730000	22.356361	199.543457
44.603001	0.258000	0.395000	0.552000	49.890015	20.044090	177.634430
42.598999	0.213000	0.381000	0.526000	47.542999	21.033590	184.665344
43.252998	0.157000	0.396000	0.551000	46.087002	21.698092	191.928238
44.568001	0.215000	0.390000	0.546000	47.797001	20.921814	185.769516
47.061001	0.223000	0.380000	0.539000	49.741001	20.104139	177.619370
46.127998	0.209000	0.392000	0.555000	49.363998	20.257679	179.171021
45.901001	0.236000	0.397000	0.584000	49.516998	20.195086	181.191162
44.206001	0.208000	0.376000	0.537000	47.549999	21.030495	185.219864
46.698002	0.210000	0.338000	0.820000	50.136002	19.945747	177.277802
46.525002	0.215000	0.375000	0.530000	49.523998	20.192230	178.128555
47.324001	0.217000	0.381000	0.824000	51.771000	19.315834	171.714722
42.437000	0.213000	0.452000	0.673000	45.705002	21.879444	194.807556
47.611000	0.207000	0.388000	0.537000	50.534000	19.788656	173.990585
40.334000	0.199000	0.305000	0.505000	43.331001	23.078165	203.064819
40.806999	0.169000	0.389000	0.828000	44.625999	22.408463	200.785278
46.213001	0.195000	0.324000	0.537000	50.405998	19.838909	174.937607
48.688999	0.216000	0.390000	0.827000	52.036999	19.217096	170.840454
47.415001	0.205000	0.423000	0.537000	49.993999	20.002401	176.632019
50.921001	0.293000	0.230000	0.440000	52.534000	19.035292	164.919052
48.373001	0.198000	0.293000	0.787000	50.631001	19.750746	172.548294
42.834000	0.124000	0.295000	0.489000	45.192001	22.127810	193.785995
42.127014	0.171000	0.278000	0.445000	50.393005	19.844025	196.293701
40.453999	0.204000	0.342000	0.543000	43.314999	23.086691	203.030411
41.609001	0.149000	0.273000	0.503000	44.611000	22.415997	201.882172
38.946999	0.470000	0.298000	0.539000	42.060001	23.775558	210.975769
46.910000	0.212000	0.358000	0.799000	49.321999	20.274929	179.075394
43.988998	0.413000	0.840000	0.712000	47.007000	21.273428	191.840454
43.730999	1.201000	1.094000	0.587000	49.943001	20.022825	177.871719
40.821999	0.162000	0.472000	0.671000	44.435001	22.504782	201.300812
39.792000	0.559000	0.374000	0.553000	42.888000	23.316545	205.648499
46.980000	0.213000	0.347000	0.666000	50.176998	19.929451	176.620865
46.394001	0.241000	0.339000	0.573000	48.722000	20.524609	181.760452
45.205002	0.248000	0.340000	0.542000	50.251999	19.899706	174.239944
45.584000	0.194000	0.300000	0.549000	49.176998	20.334709	178.614029
43.487999	0.203000	0.305000	0.574000	46.241001	21.625830	190.485687
46.924999	0.203000	0.356000	0.614000	49.749001	20.100906	177.465302
45.345001	0.214000	0.396000	0.524000	48.542000	20.600718	181.277313
51.099998	0.642000	0.255000	0.485000	53.255001	18.777578	162.888748
46.803001	0.198000	0.302000	0.578000	49.422001	20.233904	177.154251
45.651001	0.198000	0.292000	0.540000	48.228001	20.734842	181.677780
46.172001	0.186000	0.290000	0.513000	48.629002	20.563860	179.297394
45.447998	0.208000	0.344000	0.564000	47.952026	20.854176	182.730545
41.646999	0.220000	0.396000	0.583000	44.131001	22.659807	200.363251
39.712002	0.152000	0.278000	0.745000	42.678001	23.431274	208.661469
45.535999	0.197000	0.348000	0.703000	48.705002	20.531773	182.416565
44.470001	0.189000	0.331000	0.592000	47.320000	21.132713	186.272781
48.456001	0.215000	0.340000	0.627000	51.266998	19.505726	170.812622
48.269001	0.218000	0.389000	0.593000	51.154999	19.548431	172.733063
46.432999	0.205000	0.360000	0.583000	49.355999	20.260962	178.279968
46.429001	0.209000	0.366000	0.561000	49.172001	20.336777	178.420288
40.786999	0.213000	0.338000	0.551000	43.422001	23.029800	203.074677
42.610001	0.268000	0.406000	0.571000	45.445999	22.004137	194.392242
38.763000	0.161000	0.360000	0.536000	41.341000	24.189062	213.956894
46.334999	0.211000	0.416000	0.576000	49.342999	20.266300	179.052460
45.266998	0.217000	0.396000	0.576000	49.466000	20.215906	178.518997
45.599998	0.208000	0.340000	0.599000	49.570000	20.173492	178.279968
46.417999	0.225000	0.386000	0.586000	49.474998	20.212229	179.351059
44.455002	0.370000	0.295000	0.503000	47.061001	21.249018	186.367950
46.247002	0.207000	0.306000	0.563000	48.952999	20.427757	180.582703
45.537998	0.207000	0.358000	0.563000	48.443001	20.642817	181.768311
41.674000	0.206000	0.356000	0.541000	44.523998	22.459797	198.349762
44.408001	0.229000	0.306000	0.542000	48.902000	20.449060	181.101212
41.971985	0.140000	0.266000	0.499000	44.887024	22.278152	197.239639
44.932999	0.129000	0.218000	0.431000	47.412998	21.091263	188.119125
42.875000	0.202000	0.298000	0.747000	45.405998	22.023521	195.684616
37.244999	0.477000	0.300000	0.523000	41.516998	24.086519	213.022369
39.673000	0.161000	0.363000	0.734000	42.759998	23.386343	209.364502
39.823002	0.457000	0.495000	0.510000	42.917999	23.300247	208.081757
43.401001	0.193000	0.298000	0.495000	45.495998	21.979956	192.214111
46.007999	0.221000	0.359000	0.546000	48.757000	20.509876	180.435089
43.777000	0.297000	0.305000	0.593000	48.660999	20.550339	180.921524
45.827000	0.306000	0.308000	0.548000	48.629002	20.563860	180.722748
43.102001	0.151000	0.270000	0.693000	46.543999	21.485046	189.179733
40.884998	0.146000	0.260000	0.474000	42.903000	23.308393	212.547394
40.768002	0.486000	0.307000	0.494000	43.460999	23.009136	202.505997
41.042999	0.155000	0.286000	0.462000	44.257999	22.594786	198.457672
42.102001	0.195000	0.326000	0.528000	44.033001	22.710239	199.515015
45.945000	0.202000	0.341000	0.561000	48.544998	20.599445	181.461624
40.192001	0.738000	0.441000	0.548000	43.143002	23.178730	205.442001
39.306000	0.251000	0.326000	0.497000	43.615002	22.927891	202.149734
39.875000	0.194000	0.303000	0.557000	42.282001	23.650724	209.720444
39.145000	0.153000	0.288000	0.523000	42.783001	23.373770	207.387268
45.889999	0.875000	0.329000	0.531000	51.612000	19.375340	169.926834
45.612999	0.497000	0.304000	0.540000	50.091999	19.963268	175.167740
44.565002	0.439000	0.551000	0.966000	47.372009	21.109512	188.098099
45.632999	0.253000	0.385000	0.645000	47.965000	20.848536	185.052338
43.624001	0.105000	0.298000	0.430000	46.237000	21.627701	189.894928
40.841999	0.133000	0.277000	0.456000	43.813000	22.824276	206.722885
41.311001	0.206000	0.361000	0.600000	45.533001	21.962093	193.745712
37.167000	0.165000	0.393000	0.472000	41.234001	24.251831	214.789597
44.921001	0.474000	0.296000	0.543000	47.740002	20.946795	185.913620
43.022999	0.194000	0.300000	0.520000	47.325001	21.130480	186.363815
38.977001	0.217000	0.352000	0.505000	41.709000	23.975641	213.776947
35.710999	0.145000	0.264000	0.435000	40.174000	24.891722	220.196564
49.872002	1.060000	1.572000	1.053000	57.608002	17.358700	157.986481
41.669998	0.144000	0.301000	0.490000	43.938000	22.759342	199.363251
46.723000	0.214000	0.338000	0.822000	51.520000	19.409937	172.637070
40.952999	0.143000	0.266000	0.484000	43.426998	23.027149	205.356506
42.290001	0.227000	0.355000	0.542000	47.011002	21.271616	187.664612
38.634998	0.523000	1.042000	0.700000	43.182999	23.157261	210.140732
44.282001	0.149000	0.289000	0.504000	47.776001	20.931011	186.670715
42.919998	0.155000	0.278000	0.476000	45.666000	21.898130	192.434586
38.027000	0.202000	0.337000	0.490000	40.932999	24.430166	216.900024
39.867001	0.153000	0.361000	0.478000	43.061001	23.222870	207.566879
38.486000	0.146000	0.246000	0.472000	41.278999	24.225393	215.048401
38.133999	0.149000	0.386000	0.487000	41.301998	24.211905	216.173370
39.739990	0.124000	0.256000	0.455000	42.237976	23.675377	209.804520
38.875000	0.391000	0.368000	0.493000	42.224998	23.682653	207.746780
45.328999	0.165000	1.042000	0.564000	48.349998	20.682524	183.493927
43.877998	0.168000	0.513000	0.874000	47.505001	21.050415	188.300705
40.980999	0.606000	0.218000	0.449000	43.868000	22.795660	200.171997
46.508999	0.179000	0.290000	0.496000	50.030998	19.987608	175.762314
40.472000	0.197000	0.322000	0.589000	43.198002	23.149220	206.002014
45.910999	0.197000	0.305000	0.545000	48.491001	20.622383	181.336105
42.986000	1.168000	0.571000	0.654000	46.415001	21.544760	192.328690
48.928001	0.234000	0.420000	0.620000	51.924999	19.258547	170.237183
48.924999	0.198000	0.352000	0.819000	51.591999	19.382851	172.275436
38.363998	0.155000	0.290000	0.532000	41.563000	24.059860	214.811600
44.658001	0.146000	0.265000	0.501000	47.021000	21.267094	187.087021
43.830002	0.215000	0.401000	0.576000	46.681999	21.421534	188.775299
41.167000	0.184000	0.311000	0.579000	43.907001	22.775412	201.450684
39.480999	0.174000	0.426000	0.869000	43.231998	23.131016	208.879684
38.387001	0.156000	0.364000	0.525000	42.276001	23.654081	213.864166
38.175999	0.314000	0.804000	0.687000	41.949001	23.838470	215.064941
37.118999	0.178000	0.286000	0.655000	40.266998	24.834232	220.950546
38.891998	0.251000	0.453000	0.591000	42.147999	23.725920	210.304047
63.859001	0.233000	0.525000	0.664000	66.954002	14.935627	130.470612
51.752991	0.248000	0.373000	0.568000	54.408997	18.379313	162.563644
45.782001	0.358000	0.367000	0.860000	48.431999	20.647507	183.650589
39.922001	0.827000	0.320000	0.519000	43.360001	23.062731	206.738174
48.257999	0.205000	0.313000	0.515000	50.519001	19.794533	173.236023
46.321999	0.113000	0.266000	0.462000	48.087002	20.795641	181.654175
45.827999	0.503000	0.388000	0.656000	48.394001	20.663717	180.396301
45.418999	0.367000	0.336000	0.476000	48.240002	20.729685	182.325363
36.191002	0.536000	0.389000	0.657000	39.819000	25.113640	225.264053
35.963001	0.288000	0.358000	0.497000	40.905998	24.446293	215.889648
44.626999	0.162000	0.361000	0.492000	47.686001	20.970514	184.608459
42.202999	0.481000	0.296000	0.541000	45.056999	22.194111	194.889023
37.590000	1.019000	0.516000	0.572000	40.358002	24.778234	220.851639
48.903999	0.196000	0.333000	0.523000	51.442001	19.439367	169.837387
41.367001	0.435000	0.388000	0.613000	44.830002	22.306490	197.970581
44.414001	0.149000	0.271000	0.488000	47.172001	21.199017	187.417236
45.296001	0.226000	0.297000	0.601000	47.988998	20.838110	183.237396
47.453999	0.407000	0.268000	0.553000	51.539001	19.402782	170.313232
44.685001	0.158000	0.403000	0.619000	48.094002	20.792614	190.295532
46.101002	0.209000	0.302000	0.879000	48.731998	20.520397	181.918106
43.355999	0.215000	0.341000	0.546000	46.580002	21.468441	189.976624
39.431999	0.147000	0.385000	0.512000	41.667999	23.999233	210.912140
39.335999	0.164000	0.364000	0.594000	42.200012	23.696676	209.830460
37.702999	0.224000	0.296000	0.518000	40.942001	24.424795	216.619965
39.082001	0.128000	0.265000	0.477000	41.606998	24.034418	211.630447
48.265999	0.227000	0.527000	0.583000	51.820999	19.297197	170.559097
35.459000	0.217000	0.356000	0.542000	39.035000	25.618034	228.044266
44.324001	0.219000	0.389000	0.607000	47.198002	21.187338	188.563126
51.046001	0.225000	0.501000	0.741000	53.741001	18.607767	164.508316
49.750999	0.205000	0.299000	0.543000	52.398998	19.084333	167.137039
45.441002	0.183000	0.296000	0.502000	47.969002	20.846796	181.481262
46.949001	0.150000	0.410000	0.497000	49.474998	20.212229	176.112854
42.106998	0.218000	0.356000	0.601000	44.662998	22.389898	197.993958
37.568001	0.206000	0.541000	0.542000	43.910999	22.773336	203.518082
50.203999	0.905000	0.382000	0.626000	52.939999	18.889309	166.111038
49.243000	0.202000	0.308000	0.525000	51.727001	19.332264	169.016113
39.939999	0.428000	0.388000	0.565000	43.730000	22.867598	203.379929
39.750000	0.146000	0.389000	0.517000	42.174999	23.710730	210.478180
46.180000	0.503000	0.307000	0.592000	48.653999	20.553295	181.398849
46.831001	0.361000	0.349000	0.588000	49.426998	20.231857	177.574265
55.483002	0.220000	0.433000	0.975000	59.252998	16.876783	150.201584
45.301998	0.337000	0.298000	0.555000	48.952000	20.428175	182.147217
44.189999	0.129000	0.270000	0.471000	46.582001	21.467520	189.094452
49.841980	1.000000	0.504000	0.591000	53.530029	18.681103	168.024231
46.780998	0.198000	0.301000	0.512000	48.748001	20.513662	179.473846
44.919998	0.818000	0.306000	0.533000	47.819000	20.912189	184.405533
54.680000	0.216000	0.399000	0.573000	57.404999	17.420086	154.225037
47.028999	0.194000	0.301000	0.524000	50.157001	19.937395	176.986053
51.573002	0.206000	0.361000	0.732000	54.347000	18.400280	161.539948
42.909000	0.403000	0.246000	0.529000	46.577000	21.469824	189.051834
46.750000	0.193000	0.295000	0.780000	49.980999	20.007603	178.869202
36.381001	0.185000	0.378000	0.782000	40.264999	24.835464	223.630600
51.016998	0.185000	0.287000	0.750000	53.806999	18.584942	164.000153
44.805000	0.215000	0.343000	0.549000	48.249001	20.725819	182.885834
45.015999	0.210000	0.305000	0.530000	47.516998	21.045101	184.510986
44.417999	0.530000	0.302000	0.531000	47.132000	21.217007	186.724716
43.529999	0.193000	0.310000	0.523000	46.707001	21.410067	188.452988
40.324001	0.327000	0.420000	0.526000	42.956001	23.279634	205.643463
37.709000	0.313000	0.431000	0.509000	40.069000	24.956949	222.367935
35.733002	0.190000	0.327000	0.494000	38.262001	26.135592	231.723099
36.783001	0.162000	0.368000	0.500000	39.209000	25.504349	225.209625
36.910000	0.132000	0.276000	0.468000	39.293999	25.449179	223.547165
43.432999	0.201000	0.337000	0.806000	45.870998	21.800266	193.063461
44.252998	0.214000	0.339000	0.544000	46.755001	21.388086	189.073135
43.211975	0.163000	0.548000	0.801000	46.216980	21.637070	193.303726
43.587002	0.156000	0.364000	0.523000	46.597000	21.460609	189.252289
43.459000	0.219000	0.333000	0.492000	46.019001	21.730154	193.343811
43.327999	0.515000	0.316000	0.499000	46.104000	21.690092	192.011719
44.334000	0.202000	0.344000	0.709000	46.830002	21.353832	189.277924
43.237999	0.198000	0.347000	0.532000	46.233002	21.629572	191.023544
41.242001	0.150000	0.251000	0.679000	44.005001	22.724689	202.422913
35.719002	0.198000	0.334000	0.505000	38.110001	26.239832	235.707870
45.644001	0.158000	0.357000	0.477000	48.626999	20.564707	180.415695
41.332001	0.423000	0.274000	0.473000	44.213001	22.617781	198.923599
43.313999	0.185000	0.298000	0.497000	46.117001	21.683977	190.355988
44.314999	0.202000	0.299000	0.762000	46.941002	21.303337	190.446747
44.012001	0.177000	0.289000	0.503000	46.330002	21.584286	189.903519
43.002998	0.209000	0.384000	0.794000	45.904999	21.784121	194.176254
45.011002	0.585000	0.458000	0.491000	47.120998	21.221962	186.169418
43.757999	0.157000	0.363000	0.812000	47.415001	21.090372	186.903610
44.263000	0.158000	0.363000	0.483000	47.653000	20.985037	184.174759
36.353001	0.491000	0.296000	0.508000	39.487000	25.324791	224.594604
38.088001	0.203000	0.341000	0.480000	44.960999	22.241499	195.083893
38.022999	0.152000	0.261000	0.670000	41.130001	24.313152	217.597687
37.849998	0.205000	0.351000	0.504000	40.389000	24.759216	218.067169
39.606998	0.143000	0.238000	0.647000	41.714001	23.972767	213.352875
46.437012	0.204000	0.347000	0.536000	50.140015	19.944151	174.482681
40.786999	0.207000	0.343000	0.489000	44.124001	22.663403	200.071732
39.102001	0.464000	0.328000	0.454000	41.737999	23.958982	212.235489
43.960999	0.202000	0.338000	0.544000	48.695000	20.535990	182.810120
37.410999	0.143000	0.488000	0.496000	42.312000	23.633957	211.903091
37.779999	0.155000	0.386000	0.492000	40.679001	24.582708	218.112549
40.647999	0.191000	0.311000	0.487000	43.205002	23.145468	204.730026
42.276001	0.202000	0.344000	0.768000	45.921001	21.776529	194.694519
39.793999	0.153000	0.265000	0.803000	43.351002	23.067518	205.774628
45.980999	0.152000	0.355000	0.732000	48.903999	20.448225	180.237381
44.889000	0.152000	0.264000	0.740000	49.268002	20.297150	181.116837
45.637001	0.165000	0.337000	0.473000	49.897999	20.040884	175.824951
46.480999	0.148000	0.505000	0.537000	49.613998	20.155602	177.555466
37.269001	0.415000	0.265000	0.449000	41.152000	24.300156	214.569839
48.957001	0.182000	0.288000	0.515000	51.653999	19.359585	168.781464
40.285000	0.190000	0.300000	0.720000	43.074001	23.215860	205.885727
40.736000	0.169000	0.390000	0.460000	45.069000	22.188200	196.505142
39.306999	0.402000	0.249000	0.428000	41.047001	24.362316	214.839111
39.296001	0.189000	0.352000	0.534000	41.713001	23.973341	212.348297
46.278000	0.174000	0.357000	0.450000	49.081001	20.374483	179.075394
44.361000	0.162000	0.338000	0.728000	46.994999	21.278860	189.513107
47.883999	0.150000	0.336000	0.451000	50.521000	19.793749	173.046616
44.942993	0.254000	0.340000	0.500000	48.716980	20.526724	181.022949
45.609001	0.166000	0.355000	0.719000	48.262001	20.720236	183.249405
39.150002	0.142000	0.268000	0.449000	40.887001	24.457651	214.701660
38.299999	0.330000	0.506000	0.532000	41.417999	24.144093	215.529083
37.887001	0.154000	0.249000	0.655000	42.237999	23.675364	211.151016
48.596001	0.195000	0.300000	0.737000	51.208000	19.528198	172.871872
44.882999	0.221000	0.408000	0.529000	49.339001	20.267942	178.914978
42.478001	0.541000	0.437000	0.493000	44.896999	22.273203	196.744797
41.305000	0.213000	0.333000	0.481000	43.335999	23.075504	202.770309
41.026001	0.160000	0.323000	0.691000	44.220001	22.614201	200.195877
40.953999	0.211000	0.336000	0.795000	43.705002	22.880676	202.584229
36.983002	0.148000	0.271000	0.463000	40.570999	24.648148	216.905624
44.688999	0.212000	0.311000	0.749000	49.465000	20.216314	178.378555
43.660999	0.202000	0.354000	0.514000	47.118000	21.223312	187.563904
44.103001	0.203000	0.341000	0.779000	47.959000	20.851145	186.293457
47.352001	0.230000	0.514000	0.529000	50.640999	19.746845	174.392075
38.842999	0.172000	0.313000	0.710000	42.201000	23.696121	212.568924
46.500999	0.205000	0.294000	0.665000	49.750000	20.100502	178.041595
43.567001	0.521000	0.318000	0.497000	46.779999	21.376657	187.803268
46.141998	0.206000	0.401000	0.570000	50.085999	19.965660	175.405807
43.594002	0.192000	0.341000	0.496000	46.806000	21.364782	188.732834
40.026001	0.163000	0.357000	0.701000	43.031006	23.239058	206.570114
46.793999	0.213000	0.342000	0.482000	49.868999	20.052538	176.449966
45.817001	0.204000	0.335000	0.601000	50.139000	19.944553	175.486557
38.584000	0.189000	0.302000	0.733000	41.380001	24.166264	216.877579
38.116001	0.399000	0.232000	0.422000	40.717999	24.559164	216.625565
47.161999	0.239000	0.353000	0.530000	51.768002	19.316952	170.823059
43.137001	0.158000	0.350000	0.465000	45.648998	21.906286	194.852814
45.646000	0.258000	0.494000	0.513000	49.903999	20.038475	177.060776
46.209000	0.219000	0.409000	0.507000	48.973999	20.418999	179.986008
41.157001	0.205000	0.334000	0.503000	44.264000	22.591722	200.521301
44.630001	0.208000	0.349000	0.542000	47.698002	20.965239	184.089890
46.231998	0.205000	0.337000	0.510000	48.624001	20.565975	180.882523
46.714001	0.203000	0.331000	0.503000	49.740002	20.104544	176.978592
37.860001	0.506000	0.323000	0.513000	42.886002	23.317633	206.245132
47.814999	0.206000	0.299000	0.745000	50.090000	19.964066	175.924515
44.778999	0.205000	0.365000	0.519000	46.785999	21.373915	189.073135
37.563000	0.137000	0.264000	0.660000	41.134998	24.310200	217.936874
48.139000	0.198000	0.294000	0.760000	50.873001	19.656792	172.672607
45.893002	0.762000	0.287000	0.503000	48.362000	20.677391	181.210754
47.237000	0.144000	0.262000	0.486000	49.584999	20.167389	176.046326
47.466999	0.212000	0.337000	0.745000	50.429001	19.829859	175.725494
47.004028	0.196000	0.333000	0.504000	49.380005	20.251112	178.045410
45.823002	0.208000	0.334000	0.506000	48.351002	20.682095	182.555496
50.859001	0.288000	0.628000	0.759000	54.577000	18.322737	163.358215
38.183998	0.216000	0.353000	1.213000	42.096001	23.755226	219.470673
36.605999	0.159000	0.343000	0.449000	39.457001	25.344046	224.618637
46.715000	0.190000	0.301000	0.742000	50.150002	19.940178	179.966705
43.450001	0.160000	0.367000	0.459000	46.250000	21.621622	190.045486
43.606998	0.213000	0.385000	0.768000	46.752998	21.389002	191.363449
52.949001	0.212000	0.510000	0.823000	56.569000	17.677526	157.817062
51.632000	0.207000	0.335000	0.506000	54.616001	18.309652	161.571060
53.792999	0.197000	0.396000	0.791000	56.563999	17.679089	155.838074
45.998001	0.162000	0.334000	0.710000	49.224998	20.314880	180.781174
46.098000	0.182000	0.509000	0.568000	49.155998	20.343397	178.895905
45.257000	0.160000	0.334000	0.697000	48.300999	20.703506	184.239502
43.889000	0.511000	0.330000	0.478000	46.897999	21.322872	186.666550
40.276001	0.196000	0.297000	0.495000	43.648998	22.910032	202.198471
47.980000	0.190000	0.391000	0.519000	51.004002	19.606304	171.458527
46.853001	0.203000	0.338000	0.787000	49.967999	20.012808	178.325470
48.298000	0.195000	0.292000	0.780000	51.306999	19.490519	172.077545
45.455002	0.459000	0.284000	0.461000	48.587002	20.581636	180.711090
45.674011	0.212000	0.333000	0.724000	48.271973	20.715954	183.940613
43.791000	0.193000	0.300000	0.475000	47.229000	21.173431	188.461456
38.110001	0.154000	0.393000	0.604000	41.584000	24.047710	214.323135
45.108002	0.312000	0.477000	0.766000	48.009998	20.828995	186.099197
43.627998	0.142000	0.380000	0.489000	46.624001	21.448181	187.731827
45.575001	0.239000	0.456000	0.816000	48.945999	20.430679	182.690674
44.069000	0.188000	0.302000	0.780000	47.890999	20.880751	185.113586
38.472000	0.507000	0.295000	0.473000	40.993999	24.393814	216.195663
47.594002	0.205000	0.329000	0.534000	50.522999	19.792967	173.200256
43.571999	0.190000	0.302000	0.500000	46.099998	21.691975	189.912109
46.453999	0.200000	0.345000	0.542000	49.386002	20.248653	178.264832
44.889999	0.149000	0.477000	0.546000	47.050999	21.253534	186.633331
45.438000	0.195000	0.299000	0.764000	48.441002	20.643669	182.305557
43.473000	0.196000	0.300000	0.483000	46.641998	21.439905	188.614029
42.008999	0.183000	0.434000	0.715000	47.577999	21.018118	187.358643
39.383999	0.218000	0.401000	0.553000	45.118000	22.164103	195.972610
40.431000	0.198000	0.346000	0.505000	43.396000	23.043598	204.206726
38.168999	0.654000	0.272000	0.610000	40.071999	24.955082	220.410629
40.092999	0.521000	0.305000	0.518000	42.625999	23.459860	206.631226
37.271999	0.162000	0.476000	0.543000	40.612000	24.623264	219.717834
37.189999	0.149000	0.260000	0.465000	39.562000	25.276781	224.402344
37.709000	0.122000	0.284000	0.472000	40.944000	24.423603	214.740128
44.497009	0.178000	0.282000	0.482000	46.244995	21.623962	188.546066
41.810001	0.149000	0.426000	0.461000	43.738998	22.862892	200.818924
47.195000	0.151000	0.271000	0.696000	49.174999	20.335537	177.751099
44.849998	0.512000	0.318000	0.498000	49.508999	20.198349	177.845322
44.655998	0.203000	0.335000	0.783000	47.785999	20.926632	186.500549
46.478001	0.210000	0.336000	0.521000	48.912998	20.444464	180.245117
46.861000	0.188000	0.299000	0.742000	49.584999	20.167389	178.056717
42.508999	0.155000	0.292000	0.573000	45.353001	22.049257	193.379456
41.918999	0.143000	0.266000	0.458000	44.605000	22.419012	197.137817
43.622002	0.209000	0.336000	0.508000	49.249001	20.304981	179.358734
45.341999	0.198000	0.335000	0.557000	48.404999	20.659023	183.381607
42.433998	0.203000	0.306000	0.506000	45.282001	22.083830	196.883331
44.599998	0.215000	0.336000	0.502000	46.991001	21.280670	188.241547
41.827000	0.140000	0.246000	0.437000	43.837002	22.811779	201.035477
45.980000	0.175000	0.393000	0.763000	49.713001	20.115461	179.400940
45.558998	0.546000	0.324000	0.518000	48.523998	20.608360	182.020752
46.361000	0.164000	0.334000	0.700000	49.014000	20.402334	179.912674
45.512001	0.214000	0.340000	0.792000	48.333000	20.689798	183.815582
42.498001	0.536000	0.369000	0.520000	45.458000	21.998327	194.671936
38.548000	0.192000	0.306000	0.503000	40.702999	24.568214	216.457855
44.808998	0.156000	0.319000	0.764000	49.729000	20.108992	177.672043
44.692017	0.339000	0.426000	0.471000	47.750000	20.942408	183.682724
42.639999	0.149000	0.298000	0.467000	45.631001	21.914927	193.236923
47.430000	0.168000	0.286000	0.474000	51.338001	19.478748	169.923386
46.203999	0.200000	0.390000	0.561000	48.368999	20.674398	182.424500
44.492001	0.211000	0.351000	0.832000	47.914001	20.870726	186.301727
46.182999	0.208000	0.345000	0.644000	48.723999	20.523767	181.744705
44.646999	0.191000	0.304000	0.773000	47.465000	21.068155	186.413498
45.035999	0.204000	0.302000	0.756000	47.805000	20.918314	186.521286
45.020000	0.224000	0.344000	0.800000	49.555000	20.179598	179.777710
43.141998	0.210000	0.336000	0.574000	46.521000	21.495668	190.654510
46.347000	0.199000	0.332000	0.794000	49.423000	20.233494	179.251419
44.618000	0.198000	0.301000	0.493000	47.528000	21.040230	185.178986
45.450001	0.550000	0.322000	0.563000	49.958000	20.016813	176.405426
44.762001	0.492000	0.307000	0.484000	47.889000	20.881622	182.810120
45.212002	0.220000	0.396000	0.846000	50.014999	19.994001	178.972244
44.113998	0.208000	0.389000	0.791000	47.919998	20.868114	185.707825
45.710999	0.517000	0.362000	0.518000	48.500000	20.618557	181.736816
45.088001	0.220000	0.378000	0.858000	48.047001	20.812954	186.256226
44.901001	0.223000	0.409000	0.541000	47.862999	20.892965	183.972794
44.563000	0.210000	0.411000	0.780000	47.542000	21.034033	188.220413
48.804993	0.225000	0.390000	0.792000	52.593994	19.013578	168.358078
43.542999	0.328000	0.884000	0.826000	48.044998	20.813822	191.485764
46.457001	0.413000	0.575000	1.007000	50.136002	19.945747	180.956665
45.094002	0.215000	0.340000	0.762000	48.276001	20.714226	186.347260
48.441002	0.136000	0.229000	0.438000	50.643002	19.746065	171.781540
45.061001	0.206000	0.339000	0.783000	47.810001	20.916126	185.404099
45.903000	0.525000	0.358000	0.528000	49.723000	20.111418	176.572540
45.404999	0.195000	0.302000	0.521000	48.030998	20.819887	184.150497
45.403000	0.205000	0.333000	0.786000	48.175999	20.757223	184.154556
45.099998	0.153000	0.259000	0.669000	47.397999	21.097937	185.391785
46.935001	0.156000	0.351000	0.825000	50.027000	19.989206	177.315277
44.254002	0.464000	0.405000	0.461000	47.014000	21.270260	188.190857
50.007000	0.210000	0.384000	0.536000	52.199001	19.157455	167.644760
44.730999	0.157000	0.331000	0.725000	47.282001	21.149696	186.749664
47.687000	0.155000	0.322000	0.788000	50.207001	19.917542	176.164642
45.535000	0.161000	0.327000	0.717000	47.904999	20.874649	183.658630
46.458000	0.213000	0.388000	0.562000	49.397999	20.243734	177.890579
45.956001	0.534000	0.378000	0.536000	48.824001	20.481730	181.595184
39.457001	0.216000	0.338000	0.493000	41.898998	23.866919	213.439728
39.556000	0.149000	0.265000	0.826000	42.202000	23.695560	212.590485
45.750000	0.203000	0.336000	0.489000	48.321999	20.694508	181.199005
46.171997	0.339000	0.537000	0.798000	51.812012	19.300543	171.933014
43.995998	0.170000	0.559000	0.548000	46.723999	21.402277	188.626724
45.262001	0.158000	0.288000	0.789000	48.273998	20.715086	184.231384
40.463001	0.530000	0.377000	0.521000	46.787998	21.373003	188.681885
39.824001	0.215000	0.337000	0.477000	42.591000	23.479139	207.957947
38.061001	0.144000	0.272000	0.702000	41.130001	24.313152	216.731888
45.254002	0.178000	0.288000	0.470000	47.297001	21.142990	185.101349
46.500000	0.204000	0.336000	0.525000	49.367001	20.256447	177.049561
44.466000	0.201000	0.342000	0.497000	47.127998	21.218809	186.252090
49.102001	0.220000	0.383000	0.799000	51.910000	19.264111	171.395447
47.563000	0.232000	0.414000	0.502000	49.773998	20.090811	176.072189
46.368999	0.187000	0.345000	0.535000	50.324001	19.871233	173.965317
45.823002	0.270000	0.533000	0.659000	51.269001	19.504963	173.210983
47.359001	0.218000	0.345000	1.271000	51.801998	19.304276	175.486557
43.636002	0.168000	0.376000	0.735000	46.404999	21.549402	193.549026
47.000000	0.204000	0.453000	0.858000	50.173000	19.931038	177.811401
45.799999	0.220000	0.355000	0.788000	49.041000	20.391102	180.956665
44.474998	0.212000	0.392000	0.541000	47.599998	21.008404	186.343124
48.056000	0.188000	0.301000	0.869000	51.048000	19.589405	174.174835
46.104000	0.201000	0.420000	0.587000	48.577000	20.585875	181.933899
42.791016	0.164000	0.359000	0.707000	45.614990	21.922617	195.024948
39.519001	0.201000	0.333000	0.764000	43.902000	22.778006	204.670074
38.463001	0.201000	0.359000	0.505000	41.702000	23.979666	211.497070
39.324001	0.147000	0.240000	0.654000	41.873001	23.881737	212.876419
49.493999	0.220000	0.389000	0.520000	52.386002	19.089069	167.417236
47.360001	0.199000	0.404000	0.542000	50.256001	19.898121	175.802841
47.001999	0.181000	0.516000	0.543000	50.187000	19.925478	176.090683
46.862000	0.214000	0.332000	0.544000	49.585999	20.166983	179.908813
42.388000	0.181000	0.291000	0.476000	44.787998	22.327410	196.390137
40.349998	0.247000	0.448000	0.552000	43.266998	23.112303	206.438004
40.153000	0.161000	0.434000	0.462000	42.980000	23.266636	205.316299
48.187000	0.216000	0.380000	0.562000	52.983002	18.873978	165.573349
47.993000	0.307000	0.329000	0.510000	50.174000	19.930641	175.394821
47.112999	0.191000	0.343000	0.767000	49.758999	20.096867	177.830231
43.180000	0.158000	0.344000	0.474000	45.886002	21.793139	190.980057
38.449001	0.149000	0.268000	0.707000	42.321999	23.628374	211.321243
45.243999	0.202000	0.335000	0.503000	48.875999	20.459940	178.709167
51.672001	0.194000	0.404000	0.548000	54.515999	18.343239	160.397095
41.632000	0.267000	0.491000	0.556000	46.187000	21.651114	192.677689
45.881001	0.197000	0.295000	0.794000	48.942001	20.432348	180.750015
46.509998	0.210000	0.375000	0.839000	49.032001	20.394844	179.997589
50.619995	0.248000	0.709000	0.596000	53.895996	18.554255	163.622681
45.313999	0.167000	0.391000	0.499000	48.166000	20.761534	183.558151
48.047001	0.201000	0.382000	0.583000	50.755001	19.702492	173.407913
56.053001	0.206000	0.342000	0.537000	58.604000	17.063683	149.986725
59.789001	0.238000	0.435000	0.518000	62.278000	16.057035	140.242554
53.624001	0.204000	0.417000	0.565000	56.859001	17.587364	154.865662
57.428001	0.238000	0.526000	0.888000	60.542000	16.517460	146.153183
44.472000	0.514000	0.324000	0.533000	47.178001	21.196320	188.068512
44.542000	0.166000	0.290000	0.459000	46.923000	21.311510	185.876541
46.189999	0.197000	0.285000	0.495000	48.912998	20.444464	179.193985
38.873001	0.156000	0.320000	0.678000	41.299000	24.213661	215.784134
49.596001	0.213000	0.339000	0.771000	52.091000	19.197174	169.050171
59.898998	0.216000	0.390000	0.675000	63.872002	15.656312	138.702820
51.596001	0.642000	0.258000	0.554000	54.325001	18.407730	162.942551
52.021999	0.227000	0.336000	0.523000	54.599998	18.315020	160.014648
49.504002	0.199000	0.373000	0.607000	52.175999	19.165901	168.226364
44.911999	0.207000	0.390000	0.551000	47.879002	20.885983	184.255676
49.845001	0.194000	0.333000	0.513000	52.560001	19.025875	166.242722
54.555000	0.221008	0.387024	0.544000	57.629028	17.352365	152.420380
54.212002	0.238000	0.491000	0.874000	57.759998	17.313021	153.910950
53.926998	0.206000	0.343000	0.794000	56.846001	17.591387	155.077515
53.598000	0.232000	0.342000	0.538000	55.731998	17.943014	157.968628
48.144001	0.189000	0.302000	0.780000	50.801998	19.684265	174.802719
51.452000	0.213000	0.348000	0.528000	53.634998	18.644543	162.655029
54.487000	0.221000	0.334000	0.540000	57.320000	17.445917	154.086212
44.911999	0.198000	0.300000	0.819000	47.993999	20.835938	185.568146
39.464001	0.208000	0.304000	0.723000	43.846001	22.807096	202.466888
44.325001	0.204000	0.332000	0.773000	48.023998	20.822922	184.381226
47.520000	0.186000	0.297000	0.562000	50.855999	19.663364	172.708160
45.194000	0.179000	0.294000	0.516000	48.070999	20.802563	182.428452
43.112000	0.224000	0.499000	0.767000	46.349998	21.574974	192.200882
47.058998	0.163000	0.325000	0.725000	50.117001	19.953308	176.676666
45.519001	0.155000	0.483000	0.554000	48.208000	20.743444	181.890503
39.965000	0.155000	0.380000	0.465000	43.307999	23.090424	204.306198
46.622002	0.211000	0.336000	0.767000	49.056000	20.384867	180.225769
39.252998	0.198000	0.302000	0.510000	42.101002	23.752403	209.904099
38.681999	0.146000	0.243000	0.419000	40.951000	24.419428	215.031860
40.235001	0.203000	0.389000	0.796000	42.993999	23.259060	207.074997
45.618999	0.200000	0.337000	0.518000	48.133999	20.775335	181.528397
46.934998	0.229000	0.344000	0.823000	49.833984	20.066628	179.018051
44.563000	0.207000	0.331000	0.517000	47.043999	21.256697	186.749664
47.488998	0.189000	0.298000	0.511000	49.750000	20.100502	176.364639
41.705002	0.151000	0.292000	0.466000	44.327000	22.559614	199.079376
40.437000	0.188000	0.296000	0.498000	43.300999	23.094156	204.730026
46.830002	0.191000	0.304000	0.509000	49.650002	20.140985	176.725052
42.136002	0.200000	0.349000	0.522000	46.074001	21.704214	191.315445
40.008999	0.158000	0.364000	0.490000	42.990002	23.261223	206.575256
43.776001	0.150000	0.367000	0.478000	45.858002	21.806446	192.881454
39.987000	0.206000	0.302000	0.744000	43.097000	23.203470	208.128220
38.813999	0.145000	0.268000	0.795000	41.631001	24.020561	214.159012
47.666000	0.201000	0.334000	0.542000	50.606998	19.760113	173.296875
39.375999	0.143000	0.277000	0.449000	41.930000	23.849272	210.938629
45.790001	0.185000	0.285000	0.738000	48.237000	20.730974	184.271866
45.477001	0.185000	0.312000	0.492000	47.778000	20.930136	183.077423
46.894001	0.211000	0.334000	0.790000	49.673000	20.131660	178.393723
45.896000	0.493000	0.297000	0.483000	49.841999	20.063400	175.486557
46.807999	0.184000	0.301000	0.545000	48.972000	20.419832	179.608353
46.000999	0.201000	0.299000	0.744000	48.459000	20.636002	182.686707
48.490002	0.201000	0.338000	0.579000	51.472000	19.428038	170.997162
46.610001	0.212000	0.337000	0.651978	49.960022	20.016005	178.276199
44.550999	0.205000	0.344000	0.498000	47.596001	21.010168	185.888885
47.716000	0.590000	0.234000	0.445000	49.338001	20.268353	176.859192
50.029999	0.260000	0.342000	0.798000	52.743999	18.959503	167.470718
41.349998	0.212000	0.393000	0.550000	45.365002	22.043425	195.283722
44.632000	0.193000	0.339000	0.496000	47.450001	21.074816	185.219864
43.580002	0.199000	0.334000	0.768000	46.953999	21.297441	189.851929
40.868999	0.218000	0.341000	0.739000	43.334000	23.076569	203.894028
48.883999	0.218000	0.418000	0.778000	51.669998	19.353590	171.178604
46.650002	0.204000	0.369000	0.510000	49.381001	20.250704	177.638199
47.280998	0.213000	0.337000	0.779000	50.581001	19.770269	175.164078
46.085999	0.270000	0.336000	0.772000	49.147999	20.346708	181.788025
46.813000	0.213000	0.332000	0.510000	49.580002	20.169422	177.506622
46.411999	0.189000	0.305000	0.509000	49.290001	20.288090	178.530396
51.172001	0.189000	0.298000	0.491000	53.828999	18.577347	162.749695
45.786999	0.250000	0.450000	0.553000	48.584999	20.582485	181.807709
52.506001	0.218000	0.338000	0.845000	55.041000	18.168274	159.798233
47.951000	0.206000	0.438000	0.524000	50.699001	19.724255	173.347000
45.948002	0.143000	0.324000	0.829000	48.813999	20.485926	182.734451
44.972000	0.410000	0.240000	0.445000	47.381001	21.105507	184.215210
46.844002	0.200000	0.304000	0.763000	49.615002	20.155195	178.238312
47.202999	0.212000	0.341000	0.529000	49.603027	20.160059	177.615616
50.683998	0.204000	0.302000	0.523000	52.745998	18.958784	166.045288
40.556000	0.135000	0.253000	0.494000	43.827000	22.816986	200.722809
43.629002	0.211000	0.391000	0.506000	46.206001	21.642210	192.505234
39.779999	0.200000	0.303000	0.760000	43.056999	23.225027	208.921280
42.063000	0.152000	0.249000	0.672000	44.301998	22.572346	199.942978
39.426998	0.160000	0.372000	0.466000	42.080002	23.764257	209.359283
38.805000	0.160000	0.367000	0.514000	41.723000	23.967596	210.811417
40.592999	0.153000	0.252000	0.436000	42.377998	23.597151	207.597702
40.219002	0.193000	0.305000	0.491000	42.331001	23.623348	208.786102
49.257999	0.202000	0.338000	0.553000	52.036999	19.217096	168.625397
47.084000	0.186000	0.392000	0.514000	49.949001	20.020420	176.123947
43.106998	0.185000	0.343000	0.501000	45.901001	21.786016	190.719528
44.133999	0.225000	0.494000	0.800000	47.375000	21.108179	187.107880
43.008999	0.476000	0.338000	0.540000	49.377998	20.251934	177.274048
40.133999	0.148000	0.265000	0.759000	43.592999	22.939463	202.457123
45.612000	0.213000	0.411000	0.526000	48.897999	20.450735	180.648804
43.400002	0.186000	0.292000	0.480000	45.421001	22.016247	194.225708
40.776001	0.158000	0.255000	0.456000	42.997002	23.257435	204.625153
39.486000	0.156000	0.367000	0.476000	41.953999	23.835630	210.472916
38.978001	0.555000	0.349000	0.501000	44.326000	22.560123	199.538712
46.395020	0.213000	0.355000	0.650000	48.768005	20.505247	181.069916
42.120998	0.505000	0.296000	0.505000	45.263000	22.093100	194.925247
46.655998	0.187000	0.298000	0.496000	49.273998	20.294680	179.083054
41.382000	0.151000	0.250000	0.438000	44.070000	22.691174	201.702576
38.193001	0.195000	0.298000	0.455000	40.681999	24.580896	215.911850
40.956001	0.154000	0.404000	0.478000	43.849998	22.805017	201.528122
46.310001	0.714000	0.333000	0.454000	49.077999	20.375729	178.173950
43.529999	0.186000	0.339000	0.455000	45.415001	22.019156	194.117828
42.911999	0.186000	0.300000	0.471000	44.979000	22.232597	194.531967
42.083000	0.208000	0.339000	0.764000	45.105999	22.170000	196.541962
41.285999	0.429000	0.350000	0.471000	45.289001	22.080416	194.140289
40.169998	0.196000	0.299000	0.500000	42.901001	23.309479	206.417694
47.106998	0.226000	0.390000	0.531000	49.702999	20.119511	177.484100
42.807999	0.515000	0.351000	0.559000	45.709000	21.877529	193.830765
41.241001	0.269000	0.306000	0.479000	43.134998	23.183031	203.646515
39.620998	0.146000	0.267000	0.686000	42.033001	23.790831	209.988174
47.020000	0.204000	0.402000	0.536000	50.952000	19.626314	172.074020
44.724998	0.213000	0.351000	0.520000	48.497002	20.619831	180.933243
44.870998	0.248000	0.384000	0.754000	47.442001	21.078369	186.812042
39.009998	0.186000	0.295000	0.483000	41.278000	24.225981	212.380569
38.418999	0.145000	0.217000	0.421000	41.387001	24.162176	212.925064
41.126999	0.198000	0.360000	0.485000	44.215000	22.616758	199.833435
46.544006	0.196000	0.317000	0.547000	49.184021	20.331806	178.712860
45.423000	0.206000	0.349000	0.513000	48.354000	20.680813	181.831360
40.437000	0.439000	0.357000	0.482000	43.620998	22.924740	203.217331
54.716999	0.204000	0.349000	0.530000	57.683998	17.335831	150.977432
44.230000	0.207000	0.348000	0.790000	47.297001	21.142990	191.045288
48.931000	0.228000	0.319000	0.547000	51.370998	19.466236	171.112274
44.250999	0.186000	0.345000	0.508000	47.009998	21.272070	187.790649
47.087002	0.183000	0.334000	0.513000	49.801998	20.079515	176.643188
43.012001	0.199000	0.402000	0.524000	45.895000	21.788866	194.383224
44.540001	0.158000	0.516000	0.771000	47.563999	21.024305	187.107880
40.277000	0.510000	0.377000	0.454000	43.186001	23.155651	204.022949
40.269001	0.575000	0.329000	0.521000	43.338001	23.074438	203.572403
39.842999	0.118000	0.288000	0.655000	42.152000	23.723667	208.692612
49.034000	0.203000	0.332000	0.505000	50.945999	19.628626	171.007629
45.634998	0.322000	0.395000	0.508000	48.980000	20.416496	179.174850
46.136002	0.181000	0.295000	0.511000	48.653999	20.553295	180.318741
45.740002	0.144000	0.280000	0.497000	48.620998	20.567245	180.020782
37.403000	0.182000	0.313000	0.480000	40.101002	24.937033	221.335297
35.747002	0.979000	0.234000	0.533000	40.069000	24.956949	220.086777
40.528000	0.409000	0.375000	0.568000	43.189999	23.153509	204.665085
36.365002	0.959000	0.458000	0.622000	39.664001	25.211779	227.025925
45.047974	0.650000	0.240000	0.637000	48.033997	20.818588	183.618439
40.911999	0.172000	0.264000	0.504000	43.469002	23.004900	202.378952
37.716000	0.215000	0.386000	0.806000	40.993999	24.393814	217.597687
39.327999	0.153000	0.387000	0.526000	42.410999	23.578789	209.799103
47.235001	0.213000	0.373000	0.542000	52.627998	19.001293	166.463760
46.187000	0.187000	0.297000	0.592000	48.144001	20.771019	182.083969
38.832001	0.431000	0.307000	0.469000	41.076000	24.345116	215.064941
44.839001	0.507000	0.321000	0.545000	47.287998	21.147015	185.015610
44.039001	0.165000	0.406000	0.561000	46.229000	21.631443	191.363449
38.154999	0.142000	0.267000	0.728000	40.625999	24.614779	219.390320
44.590000	0.195000	0.302000	0.509000	48.784000	20.498524	180.067154
41.376999	0.202000	0.329000	0.572000	45.819000	21.825006	193.343811
42.348000	0.141000	0.266000	0.465000	45.213001	22.117533	195.074844
51.403999	0.207000	0.352000	0.532000	54.339001	18.402988	160.522949
46.827999	0.201000	0.398000	0.809000	49.778999	20.088793	179.316559
49.848999	0.220000	0.389000	0.814000	52.964001	18.880749	166.196625
43.898998	0.190000	0.296000	0.485000	46.507000	21.502140	188.266907
46.269001	0.512000	0.314000	0.529000	50.429001	19.829859	174.882904
48.796001	0.516000	0.316000	0.524000	51.674000	19.352093	170.517502
51.583000	0.222000	0.389000	0.830000	54.575001	18.323408	162.977356
44.341999	0.209000	0.345000	0.582000	48.317001	20.696650	182.004944
42.093018	0.145000	0.286000	0.783000	45.883972	21.794102	194.617599
42.449001	0.186000	0.298000	0.530000	45.555000	21.951487	193.513306
42.706001	0.586000	0.231000	0.492000	45.223999	22.112154	193.580276
41.300999	0.250000	0.541000	0.800000	43.952999	22.751575	202.932175
39.054001	0.144000	0.260000	0.454000	41.673000	23.996353	212.407471
40.534000	0.483000	0.317000	0.494000	45.034000	22.205444	195.147430
47.653999	0.492000	0.316000	0.527000	50.915001	19.640577	172.946716
50.627998	0.192000	0.329000	0.494000	53.242001	18.782164	166.051849
49.458000	0.197000	0.298000	0.753000	52.353001	19.101103	168.594894
