framenum	recvswapchain	sendcamera	alphaadd	copyintoswap	netframetime	fps	mbps
0	41.089001	0.130000	4.581000	0.441000	49.216000	20.318596	144.468445	
1	38.821999	0.140000	4.565000	0.415000	48.488998	20.623236	146.691605	
2	40.520000	0.254000	4.609000	0.404000	48.493999	20.621107	147.247787	
3	40.076000	0.113000	4.669000	0.411000	46.421001	21.541973	154.277985	
4	41.384998	0.162000	5.654000	0.487000	49.477001	20.211411	147.797775	
5	33.659000	0.153000	8.094000	0.487000	47.351002	21.118877	167.317062	
6	34.129002	0.142000	7.209000	0.458000	44.437000	22.503769	176.651855	
7	38.020000	0.225000	12.581000	0.594000	53.033001	18.856184	165.634369	
8	27.278992	0.184000	7.403000	0.432000	37.679993	26.539284	234.301315	
9	35.904999	0.139000	6.459000	0.441000	44.528000	22.457779	171.803833	
10	34.492001	0.185000	9.243000	0.458000	46.393002	21.554976	177.079468	
11	31.549000	0.242000	10.409000	0.488000	45.028000	22.208405	191.509064	
12	33.855000	0.224000	9.630000	0.477000	45.493000	21.981403	185.124496	
13	33.139000	0.226000	10.095000	0.495000	44.897999	22.272707	190.269638	
14	19.625000	0.207000	11.040000	0.641000	33.105000	30.206919	311.350311	
15	19.048000	0.255000	12.610000	0.631000	34.745998	28.780293	308.980286	
16	26.839001	0.133000	5.676000	0.575000	35.793999	27.937645	221.756592	
17	33.476002	0.201000	9.271000	0.452000	44.203999	22.622387	187.401886	
18	29.737000	0.525000	10.696000	0.529000	44.377998	22.533689	197.292374	
19	33.792000	0.219000	9.786000	0.546000	46.185001	21.652050	182.822083	
20	27.086000	0.227000	12.084000	0.521000	41.615002	24.029797	226.939957	
21	19.077999	0.210000	10.846000	0.506000	32.665001	30.613806	313.976257	
22	19.660999	0.224000	12.625000	0.474000	35.082001	28.504646	299.893036	
23	19.559000	0.262000	12.609000	0.561000	35.325001	28.308563	300.050354	
24	19.143999	7.195000	12.687000	0.488000	34.703999	28.815123	310.183716	
25	27.874001	0.260000	12.614000	0.605000	42.518002	23.519449	227.901764	
26	25.802000	0.232000	12.101000	0.568000	41.547001	24.069126	234.179123	
27	25.655001	0.227000	12.271000	0.485000	40.785999	24.518217	238.538635	
28	22.896999	1.561000	12.599000	0.551000	38.046001	26.283972	268.636047	
29	19.509001	0.201000	12.335000	0.510000	35.127998	28.467321	301.574921	
30	31.023001	0.691000	12.081000	0.509000	45.551998	21.952934	198.568878	
31	28.385000	0.213000	11.849000	0.572000	42.153999	23.722542	222.501648	
32	32.245972	0.170000	8.398000	0.453000	42.984985	23.263937	191.223862	
33	29.209999	0.440000	10.634000	0.465000	41.446999	24.127199	214.798767	
34	26.924999	0.220000	11.901000	0.609000	41.715000	23.972193	226.409103	
35	24.059999	0.178000	9.508000	0.444000	36.402000	27.471018	248.615204	
36	25.247000	2.886000	12.649000	0.569000	41.050999	24.359943	236.352081	
37	20.461000	0.196000	10.858000	0.507000	34.735001	28.789406	283.016479	
38	31.771000	0.232000	11.833000	0.565000	47.014000	21.270260	190.384811	
39	25.427999	0.184000	11.932000	0.595000	40.237999	24.852131	239.264343	
40	24.610001	0.245000	12.597000	0.467000	39.285999	25.454361	251.186020	
41	30.129000	0.231000	11.250000	0.517000	43.111000	23.195936	208.616501	
42	27.027000	0.192000	10.842000	0.533000	40.334999	24.792364	225.322540	
43	23.350000	0.132000	5.690000	0.406000	31.825001	31.421837	255.719070	
44	37.043999	0.194000	10.418000	0.534000	49.792999	20.083145	166.286682	
45	21.066000	0.219000	12.596000	0.569000	36.904999	27.096600	281.484314	
46	20.200001	0.145000	5.683000	0.439000	28.392000	35.221188	300.036072	
47	28.367001	0.189000	9.513000	0.512000	40.382000	24.763508	215.571579	
48	32.726002	0.238000	10.155000	0.504000	45.189999	22.128790	188.389526	
49	25.070999	0.219000	12.655000	0.476000	40.053001	24.966917	243.552795	
50	20.912001	0.228000	12.604000	0.555000	37.275002	26.827631	279.496063	
51	17.639999	0.192000	10.823000	0.548000	31.589001	31.656590	330.069550	
52	20.561001	0.173000	7.621000	0.482000	31.580000	31.665611	282.153381	
53	25.048000	0.188000	11.903000	0.489000	39.526001	25.299803	240.710724	
54	19.431999	0.204000	12.640000	0.543000	34.458000	29.020836	309.771362	
55	22.462000	0.215000	12.605000	0.489000	37.432999	26.714397	269.441376	
56	29.615999	0.211000	11.409000	0.458000	43.463001	23.008076	206.074554	
57	26.813999	0.202000	10.875977	0.493000	39.963989	25.022528	228.423065	
58	22.150999	0.229000	12.637000	0.512000	37.384998	26.748697	272.322052	
59	19.778000	0.224000	12.596000	0.559000	35.077999	28.507898	306.496643	
60	26.475000	0.205000	11.869000	0.550000	40.828999	24.492395	233.042786	
61	29.528999	0.926000	11.115000	0.559000	43.202000	23.147078	206.724594	
62	31.396999	0.220000	10.223000	0.549000	45.042000	22.201502	191.567398	
63	30.753000	3.527000	10.697000	0.597000	44.799999	22.321428	195.398972	
64	31.577000	0.185000	8.298000	0.495000	42.881001	23.320351	190.974258	
65	35.719002	0.196000	9.628000	0.502000	47.148998	21.209358	176.364655	
66	29.408001	0.588000	10.173000	0.548000	43.362999	23.061136	200.857391	
67	33.688999	0.206000	9.768000	0.549000	46.299999	21.598272	181.561111	
68	32.237000	0.197000	9.790000	0.497000	44.903000	22.270227	188.643707	
69	33.043999	0.193000	9.970000	0.576000	45.592999	21.933191	186.884186	
70	30.934000	0.180000	10.778000	0.431000	43.853001	22.803457	201.197830	
71	30.875999	0.175000	10.009000	0.453000	43.564999	22.954206	198.068756	
72	32.730999	0.231000	9.996000	0.555000	45.314999	22.067749	189.176895	
73	32.612000	0.197000	10.260000	0.464000	45.507999	21.974159	187.821472	
74	31.563000	0.805000	10.685000	0.476000	44.713001	22.364861	194.210709	
75	32.506001	0.194000	10.312000	0.573000	45.255001	22.097006	189.513092	
76	31.392000	0.204000	10.198000	0.506000	44.446999	22.498707	195.782059	
77	39.771000	0.116000	5.818000	0.440000	49.417000	20.235950	149.051331	
78	37.692001	0.171000	8.394000	0.470000	48.358002	20.679100	164.246353	
79	33.188999	0.188000	9.469000	0.446000	45.233002	22.107752	183.863953	
80	33.036987	0.369000	10.857000	0.556000	46.776978	21.378038	184.505600	
81	29.510000	0.173000	11.795000	0.510000	43.125999	23.187868	212.312500	
82	27.816000	0.192000	12.638000	0.549000	43.007000	23.252029	223.919144	
83	26.716000	0.177000	12.635000	0.537000	42.046001	23.783474	228.746964	
84	27.556999	0.163000	12.405000	0.576000	43.679001	22.894297	212.772034	
85	28.937000	0.161000	12.009000	0.558000	43.551998	22.961060	210.797287	
86	24.858000	0.273000	12.626000	0.597000	40.410000	24.746349	246.366287	
87	23.173000	0.184000	12.614000	0.506000	37.916000	26.374090	266.937744	
88	19.656000	0.202000	12.609000	0.514000	34.748001	28.778633	307.050079	
89	28.336000	0.251000	12.625000	0.608000	45.167999	22.139568	213.922348	
90	28.760000	0.197000	11.986000	0.584000	43.629002	22.920534	214.213684	
91	24.983999	0.188000	12.630000	0.700000	40.330002	24.795437	246.385590	
92	22.072001	0.166000	11.411000	0.527000	37.189999	26.888950	262.144012	
93	24.898001	0.233000	12.649000	0.721000	40.367001	24.772711	244.053543	
94	23.674000	0.207000	11.330000	0.571000	38.078999	26.261194	252.953369	
95	28.240000	0.210000	12.659000	0.712000	43.840000	22.810219	215.158722	
96	26.288000	0.099000	9.750000	0.500000	38.450001	26.007801	235.564484	
97	30.048000	0.243000	12.282000	0.600000	45.617001	21.921652	202.018311	
98	24.552000	0.211000	12.631000	0.785000	41.720001	23.969318	234.896057	
99	23.673000	0.180000	12.112000	0.715000	39.682999	25.199709	247.509979	
100	26.281000	0.179000	11.892000	0.504000	40.640999	24.605694	234.922379	
101	24.492001	0.155000	11.625000	0.620000	39.270000	25.464731	242.950897	
102	26.146000	0.197000	12.633000	0.592000	42.018002	23.799324	229.272110	
103	26.653999	0.186000	12.622009	0.663000	42.270020	23.657429	227.440384	
104	24.663000	0.167000	11.724000	0.572000	39.243999	25.481602	246.134964	
105	26.827000	0.209000	12.732000	0.689000	42.138000	23.731548	230.295990	
106	28.627001	0.178000	12.136000	0.521000	43.390999	23.046255	213.053040	
107	24.813999	0.180000	10.914000	0.632000	40.137001	24.914667	229.883667	
108	25.535000	0.187000	12.604000	0.605000	41.797001	23.925161	231.040222	
109	26.167999	0.164000	12.245000	0.648000	40.842999	24.484001	234.633270	
110	27.431999	0.169000	11.208000	0.524000	40.936001	24.428375	224.823349	
111	26.007999	0.182000	12.671000	0.665000	41.425999	24.139431	237.790314	
112	22.417999	0.143000	5.695000	0.451000	30.766001	32.503410	271.464264	
113	22.221001	0.196000	9.597000	0.525000	35.841999	27.900230	255.076248	
114	20.417000	0.179000	11.347000	0.516000	34.289001	29.163870	296.361389	
115	28.212000	0.199000	12.262000	0.875000	43.938999	22.758825	214.747437	
116	28.222000	0.169000	12.111000	0.531000	43.108002	23.197550	216.230972	
117	28.837000	0.237000	10.816000	0.521000	42.493999	23.532734	210.592682	
118	27.638000	0.172000	12.442000	0.476000	42.463001	23.549913	226.059296	
119	28.469999	8.395000	12.705000	0.978000	44.090000	22.680880	217.419083	
120	36.979000	0.195000	9.009000	0.528000	48.480999	20.626638	168.689835	
121	33.564999	0.224000	9.981000	0.580000	45.458000	21.998327	188.068527	
122	33.363998	0.189000	9.921000	0.484000	45.915001	21.779375	186.016678	
123	33.060001	5.861000	5.518000	0.426000	41.228001	24.255360	183.939209	
124	42.375000	3.855000	7.078000	0.479000	52.455002	19.063959	144.183716	
125	39.570000	0.493000	6.982000	0.485000	48.909000	20.446135	156.726105	
126	36.039001	0.180000	7.905000	0.509000	46.123001	21.681156	173.003799	
127	33.314026	0.194000	8.674000	0.483000	45.257019	22.096020	184.122314	
128	33.987999	0.169000	9.575000	0.547000	45.973999	21.751425	182.218445	
129	31.642000	0.375000	10.045000	0.578000	44.199001	22.624945	195.465759	
130	33.575001	0.193000	9.636000	0.585000	46.146000	21.670351	183.242737	
131	31.771999	0.195000	10.218000	0.499000	44.756001	22.343372	192.187698	
132	33.230999	0.204000	10.071000	0.481000	45.782001	21.842646	185.495667	
133	32.855999	0.197000	10.455000	0.586000	45.556999	21.950523	192.322815	
134	30.816999	0.179000	10.856000	0.508000	44.209999	22.619318	199.760468	
135	31.937000	0.169000	9.540000	0.510000	44.560001	22.441650	188.728592	
136	34.707001	0.204000	9.625000	0.502000	47.015999	21.269356	178.157578	
137	34.324001	0.169000	9.794000	0.451000	46.396999	21.553118	179.540451	
138	31.528000	0.190000	10.590000	0.459000	44.742001	22.350365	193.768097	
139	32.356998	0.200000	10.004000	0.482000	44.771000	22.335888	190.980072	
140	34.502998	0.198000	10.028000	0.493000	47.154999	21.206659	178.826004	
141	33.659000	0.474000	10.855000	1.296000	48.028000	20.821188	184.197693	
142	30.586000	0.208000	12.618000	1.371000	47.643002	20.989441	201.217148	
143	25.997999	0.130000	11.495000	0.539000	40.071999	24.955082	243.063522	
144	31.667999	0.198000	13.327000	1.238000	48.111000	20.785267	198.312256	
145	28.250999	0.188000	12.624000	1.318000	44.187000	22.631090	223.291321	
146	27.559000	0.145000	3.728000	0.437000	32.938999	30.359150	229.514664	
147	37.615002	0.142000	9.484000	0.474000	50.797001	19.686201	161.888077	
148	33.958000	0.299000	10.863000	1.245000	49.195984	20.326862	178.278732	
149	32.113998	0.192000	12.675000	1.324000	48.653999	20.553295	190.598206	
150	24.760000	0.189000	12.610000	1.336000	42.202999	23.694998	242.979050	
151	30.437000	0.195000	12.697000	1.311000	46.576000	21.470285	209.122696	
152	27.315001	0.230000	12.594000	1.319000	46.473999	21.517408	216.827133	
153	23.090000	0.332000	16.830000	0.515000	41.855999	23.891438	276.669159	
154	19.822001	0.192000	12.662000	0.564000	36.435001	27.446136	306.855408	
155	22.208000	0.454000	9.436000	0.485000	35.175999	28.428474	274.688110	
156	33.986000	0.189000	10.819000	0.580000	48.673000	20.545271	181.723724	
157	25.808001	0.187000	11.522000	1.216000	41.153000	24.299564	241.700195	
158	33.671001	0.181000	13.609000	1.223000	52.785000	18.944777	175.381378	
159	23.697001	0.196000	12.613000	0.493000	39.902000	25.061399	250.107574	
160	22.986000	0.199000	12.671000	0.515000	38.117001	26.235012	267.130432	
161	26.183001	0.408000	15.511000	0.587000	47.313999	21.135393	214.177231	
162	18.379999	0.176000	12.268000	0.498000	32.588001	30.686140	342.299042	
163	20.927000	0.190000	12.632000	1.377000	37.013000	27.017534	297.271606	
164	22.469999	0.196000	12.723000	1.338000	39.424999	25.364616	278.038544	
165	18.851999	0.192000	12.711000	1.243000	35.668999	28.035549	314.368469	
166	26.959000	0.184000	11.596000	1.362000	41.438999	24.131857	233.778839	
167	21.823999	0.196000	12.679000	0.516000	37.042999	26.995655	283.309570	
168	28.539000	0.227000	11.904000	0.452000	43.001999	23.254732	215.512482	
169	30.764000	0.179000	11.141000	0.519000	43.680000	22.893772	205.757797	
170	27.105000	0.204000	12.218000	0.546000	41.676998	23.994051	230.608322	
171	22.486000	0.196000	12.610000	0.797000	37.856998	26.415195	276.839600	
172	28.591999	0.173000	12.043030	0.541000	43.255981	23.118191	214.740128	
173	30.063999	0.447000	11.054000	0.452000	43.630001	22.920008	204.221649	
174	33.087002	0.186000	10.232000	0.443000	45.555000	21.951487	187.731796	
175	28.156000	0.160000	11.051000	0.502000	41.806999	23.919439	220.327652	
176	25.919001	0.162000	12.594000	0.442000	40.251999	24.843487	244.110352	
177	25.111000	0.162000	11.546000	0.736000	40.174999	24.891102	239.209763	
178	30.421000	0.191000	10.948000	0.491000	44.132000	22.659294	199.210175	
179	25.392000	0.184000	12.360000	0.444000	40.254002	24.842251	241.653778	
180	24.802999	0.193000	12.658000	0.550000	40.382000	24.763508	245.376617	
181	19.961000	0.198000	12.652000	0.566000	35.778999	27.949356	303.568451	
182	19.441999	0.198000	12.626000	0.632000	35.750999	27.971247	300.164917	
183	20.011999	0.183000	11.252000	0.579000	38.950001	25.673941	314.509888	
184	28.830999	3.560000	5.664000	1.650000	40.008999	24.994377	212.678513	
185	39.751999	0.122000	6.054000	0.486000	48.313000	20.698362	154.874237	
186	33.792000	0.179000	8.695000	0.476000	44.884998	22.279160	183.237411	
187	31.641001	0.179000	10.011000	0.477000	45.022999	22.210871	190.327225	
188	28.671000	0.191000	11.686000	0.517000	42.812000	23.357937	216.297882	
189	24.965000	0.196000	12.646000	0.782000	40.514000	24.682825	250.316544	
190	28.172001	0.199000	11.485000	0.476000	42.700001	23.419203	215.963760	
191	23.042999	0.196000	12.641000	0.799000	38.759998	25.799795	264.814209	
192	21.075001	0.238000	13.875000	0.485000	37.307999	26.803904	288.704865	
193	20.844999	0.187000	12.667000	1.267000	36.658001	27.279175	306.302612	
194	19.718000	0.183000	12.676000	1.341000	35.848000	27.895559	310.627838	
195	27.046000	0.435000	12.650000	0.574000	43.889999	22.784233	225.056564	
196	27.879000	0.189000	11.463013	0.473000	42.309998	23.635077	218.195740	
197	30.337999	11.571000	11.029000	0.567000	44.506001	22.468880	201.107788	
198	43.133999	0.140000	8.443000	0.528000	53.761002	18.600843	145.208679	
199	32.866001	0.167000	9.592000	0.653000	45.408001	22.022551	185.059143	
200	28.693001	4.144000	3.719000	0.470000	34.250999	29.196228	217.404068	
201	38.637001	0.253000	8.547000	0.467000	49.000999	20.407747	163.461151	
202	34.249001	0.180000	9.689000	0.533000	46.910999	21.316961	178.775177	
203	31.476000	0.159000	10.165000	0.487000	44.226002	22.611134	195.965012	
204	31.802000	0.258000	10.543000	0.537000	44.710999	22.365862	195.696808	
205	31.924999	0.200000	10.510000	0.540000	45.479000	21.988171	192.234665	
206	26.612000	0.196000	12.278000	0.520000	41.646000	24.011909	230.752121	
207	31.118999	10.837000	10.371000	0.632000	44.567001	22.438126	196.767868	
208	40.605000	0.167000	8.010000	0.488000	51.221001	19.523243	152.612656	
209	36.407001	0.167000	8.272000	0.469000	46.347000	21.576370	173.241974	
210	34.523998	0.169000	9.812000	0.555000	46.884998	21.328783	181.247284	
211	31.132999	0.195000	10.057000	0.514000	44.969002	22.237541	193.309647	
212	32.307999	0.192000	10.417000	0.501000	45.292000	22.078955	191.439163	
213	31.798000	0.204000	10.334000	0.495000	44.797001	22.322924	193.953278	
214	32.811001	0.204000	10.209000	0.623000	45.903000	21.785069	188.864563	
215	30.966000	0.184000	10.847000	0.521000	44.234001	22.607044	201.210693	
216	31.580999	0.177000	12.738000	1.320000	48.422001	20.651770	195.897873	
217	29.414000	0.205000	12.676000	0.582000	45.807999	21.830248	213.747925	
218	28.390991	0.188000	12.356000	1.367000	46.388000	21.557299	210.705460	
219	28.034000	0.185000	12.613000	1.250000	44.380001	22.532671	222.864197	
220	27.226999	0.200000	12.628000	0.552000	42.525002	23.515577	226.352081	
221	30.837000	0.185000	12.773000	0.588000	46.652000	21.435308	205.663635	
222	31.462000	0.307000	21.801001	0.473000	55.022999	18.174219	202.369202	
223	19.829000	0.160000	10.857000	0.475000	33.214001	30.107786	302.575714	
224	31.013000	0.167000	12.458000	0.538000	47.248001	21.164917	195.971100	
225	29.902000	0.471000	13.074000	0.540000	45.431999	22.010918	212.707306	
226	25.170000	0.197000	12.659000	0.570000	42.794998	23.367216	238.982605	
227	25.851999	0.212000	11.569000	1.362000	42.250999	23.668079	238.069244	
228	28.018000	0.473000	12.578000	0.530000	44.601002	22.421021	219.773499	
229	29.907000	0.209000	12.639000	1.371000	47.188999	21.191380	208.250519	
230	26.816999	0.198000	12.697000	1.272000	42.515999	23.520557	234.013611	
231	29.108999	0.192000	12.648000	0.752000	44.734001	22.354361	212.054886	
232	29.695999	0.188000	12.643000	1.270000	46.430000	21.537798	207.180695	
233	25.677999	0.188000	12.604000	1.277000	42.261002	23.662477	247.948929	
234	27.242001	0.216000	12.757000	1.372000	45.285000	22.082367	220.211975	
235	25.846001	0.239000	12.649000	1.259000	40.987999	24.397385	245.923309	
236	31.006001	0.470000	12.634000	1.364000	48.176998	20.756794	196.860229	
237	30.686001	0.185000	12.656000	1.277000	47.181999	21.194523	202.284622	
238	28.885000	0.385000	12.757000	1.296000	46.340000	21.579628	204.314499	
239	29.576000	0.193000	12.650000	1.259000	47.634998	20.992968	204.029572	
240	25.195984	0.185000	12.682000	1.370000	42.750977	23.391279	245.032333	
241	26.794001	0.197000	12.612000	1.281000	42.851002	23.336678	229.380798	
242	29.115000	0.186000	12.577000	0.534000	46.043999	21.718357	209.477798	
243	27.395000	0.184000	12.668000	1.270000	44.956001	22.243971	218.529221	
244	30.565001	0.176000	12.625000	0.578000	44.988998	22.227657	211.427765	
245	27.975000	0.181000	12.614000	1.272000	45.479000	21.988171	219.336777	
246	23.180000	0.184000	12.892000	1.215000	40.450001	24.721878	258.652191	
247	19.872999	0.172000	10.774000	0.624000	33.057999	30.249865	305.010712	
248	22.642000	0.192000	12.676000	1.133000	38.715000	25.829782	271.757446	
249	21.900999	0.514000	12.588000	1.201000	36.789001	27.182037	290.049164	
250	22.731001	0.429000	12.603000	0.469000	37.888000	26.393581	268.670471	
251	22.447001	0.178000	12.622000	0.548000	37.965000	26.340050	269.799561	
252	27.725000	0.158000	11.829000	1.268000	43.695000	22.885914	222.974777	
253	26.330000	0.187000	12.683000	1.277000	43.219002	23.137970	232.835800	
254	19.804001	0.194000	12.685000	1.188000	35.721001	27.994736	310.306091	
255	30.509001	0.262000	11.691000	0.582000	44.306000	22.570307	206.996658	
256	26.584000	0.196000	12.540000	0.530000	42.525002	23.515577	225.921295	
257	30.518000	0.169000	5.096000	0.439000	38.493000	25.978750	196.798660	
258	31.079000	0.160000	9.965000	1.324000	45.179001	22.134176	196.111603	
259	22.007999	0.494000	13.028000	0.524000	38.611000	25.899355	268.544342	
260	20.882999	0.195000	12.678000	1.230000	37.710999	26.517464	291.028595	
261	28.957001	0.216000	11.617000	0.488000	43.691002	22.888008	209.115753	
262	28.289000	0.181000	11.887000	0.548000	42.624001	23.460960	216.461594	
263	24.757000	0.196000	12.591000	0.531000	39.393002	25.385220	255.179718	
264	23.237976	0.180000	12.636000	0.504000	39.041992	25.613447	264.036224	
265	30.485001	0.229000	11.662000	0.556000	44.448002	22.498199	205.174026	
266	27.493999	0.209000	12.849000	0.578000	43.014999	23.247705	224.582565	
267	23.444000	0.203000	12.578000	0.537000	38.773998	25.790480	257.561554	
268	24.004000	0.224000	12.605000	1.269000	40.192001	24.880573	259.142273	
269	21.771999	0.217000	12.651000	0.555000	38.558998	25.934284	272.039429	
270	30.407000	0.210000	12.214000	0.545000	45.182999	22.132219	204.706726	
271	27.448999	0.184000	11.928000	0.510000	42.327000	23.625582	222.297226	
272	24.662001	0.200000	12.688000	0.790000	40.311001	24.807123	253.269043	
273	21.677000	0.232000	12.600000	0.482000	36.067001	27.726175	287.491150	
274	30.805000	0.156000	11.522000	0.486000	46.042999	21.718828	192.105545	
275	27.122999	0.190000	11.247000	0.545000	41.962002	23.831083	219.252701	
276	22.327000	0.192000	12.535000	0.588000	38.554001	25.937645	265.048492	
277	20.443001	0.398000	10.828000	1.237000	34.910999	28.644268	297.764038	
278	21.983999	0.184000	12.671000	1.315000	40.028999	24.981888	274.676086	
279	29.274000	0.204000	10.954000	0.489000	43.438999	23.020788	207.351410	
280	32.932999	0.177000	10.711000	0.734000	46.876999	21.332424	185.709213	
281	30.393000	0.191000	11.001000	0.565000	43.542000	22.966331	209.687241	
282	31.735001	8.868000	8.069000	0.829000	44.217999	22.615225	185.599625	
283	42.275002	0.121000	5.889000	0.536000	50.611000	19.758551	146.633499	
284	35.374001	0.178000	8.973000	0.484000	47.348000	21.120216	171.359283	
285	33.466999	0.185000	9.790000	0.524000	46.341000	21.579163	182.398056	
286	22.214001	0.224000	12.864000	1.249000	39.360001	25.406504	270.600250	
287	20.488001	0.198000	12.962000	1.344000	37.950989	26.349775	295.041107	
288	28.613001	0.189000	11.449000	0.469000	43.769001	22.847219	212.865616	
289	33.549999	0.178000	9.603000	0.467000	45.820000	21.824532	184.413651	
290	33.421001	0.171000	9.594000	0.461000	45.973999	21.751425	183.189377	
291	31.983000	0.193000	10.510000	0.567000	45.104000	22.170982	194.312698	
292	30.027000	0.198000	11.062000	0.481000	43.647999	22.910559	205.046967	
293	31.580999	0.243000	10.483000	0.576000	44.537998	22.452738	197.354248	
294	30.261999	0.468000	10.803000	0.577000	43.900002	22.779043	203.646545	
295	31.695999	0.171000	10.456000	0.487000	44.582001	22.430576	194.993225	
296	31.389000	0.208000	10.550000	0.541000	44.311001	22.567759	199.323792	
297	30.337999	0.187000	11.213000	0.571000	43.766998	22.848265	204.833344	
298	28.091000	0.172000	11.569000	0.472000	42.695000	23.421947	214.615601	
299	21.569000	0.409000	10.818000	0.455000	35.000999	28.570612	278.284515	
300	30.804001	0.200000	12.665000	0.483000	45.801998	21.833109	199.747803	
301	27.468000	0.192000	12.212000	0.538000	42.186001	23.704546	225.330627	
302	26.782000	0.190000	12.019000	0.486000	41.749001	23.952669	227.276077	
303	28.775999	0.464000	11.139000	0.572000	42.841000	23.342125	212.880020	
304	29.218000	0.189000	11.117000	0.453000	43.279999	23.105362	208.983765	
305	31.676001	0.211000	10.121000	0.468000	45.301998	22.074081	190.852600	
306	28.530001	0.163000	10.303000	0.661000	42.594002	23.477484	208.291885	
307	21.511000	0.188000	12.653000	0.488000	36.703999	27.244987	286.417938	
308	27.895000	0.205000	12.458000	0.472000	42.971001	23.271509	221.725327	
309	28.103001	0.211000	11.336000	0.464000	43.119999	23.191095	212.671341	
310	30.982000	0.494000	10.366028	0.502000	45.067017	22.189177	190.713760	
311	31.903999	0.206000	10.134000	0.499000	44.643002	22.399927	193.547531	
312	31.503000	0.164000	10.426000	0.452000	44.710999	22.365862	193.654770	
313	30.507999	0.169000	10.918000	0.491000	44.361000	22.542324	199.989075	
314	32.159000	0.179000	9.301000	0.448000	43.948002	22.754164	192.246414	
315	31.962999	0.185000	10.382000	0.546000	44.937000	22.253376	193.684586	
316	30.152000	0.192000	10.947000	0.441000	43.702000	22.882248	202.917480	
317	25.247000	0.170000	11.447000	1.229000	40.096001	24.940144	241.570282	
318	18.025000	0.488000	12.954000	0.480000	33.308998	30.021917	341.129730	
319	19.438999	0.244000	12.661000	0.482000	35.042000	28.537184	315.899597	
320	18.105000	0.436000	12.682000	0.529000	34.861000	28.685350	325.055878	
321	28.840000	0.216000	11.455000	0.482000	42.980000	23.266636	219.750488	
322	31.455000	0.188000	10.608000	0.466000	44.560001	22.441650	196.460663	
323	30.221001	0.196000	11.020000	0.509000	43.848000	22.806057	204.760010	
324	30.885000	0.175000	10.062000	0.508000	44.471001	22.486565	193.333420	
325	29.576000	0.193000	11.177000	0.557000	43.657001	22.905834	206.378754	
326	30.164000	0.192000	10.785000	0.470000	43.659000	22.904785	205.495712	
327	30.622000	0.198000	10.765000	0.541000	43.854000	22.802937	204.042816	
328	29.731001	0.194000	11.143000	0.481000	43.353001	23.066454	209.233963	
329	31.135000	0.188000	10.958000	0.565000	44.179001	22.635189	203.225540	
330	26.084000	0.505000	12.251000	0.446000	40.855999	24.476210	237.395523	
331	30.097000	0.199000	11.101000	0.536000	43.852001	22.803976	205.764526	
332	29.889999	0.197000	10.977000	0.487000	43.798000	22.832092	204.806686	
333	29.568001	0.200000	10.902000	0.540000	43.315002	23.086689	208.457520	
334	22.164000	0.171000	13.092000	0.838000	38.554001	25.937645	277.266602	
335	16.986000	0.183000	12.665000	1.304000	34.068001	29.353058	351.635162	
336	15.308000	0.186000	12.739000	0.498000	31.208000	32.043064	404.621277	
337	24.059999	0.195000	12.596000	1.472000	40.445000	24.724936	262.078491	
338	18.348000	0.204000	12.661000	0.584000	34.603001	28.899227	316.058289	
339	29.718000	0.190000	12.581000	0.483000	45.137001	22.154772	205.858780	
340	19.056000	0.462000	12.672000	0.567000	34.866001	28.681236	314.777405	
341	21.677000	0.212000	13.409000	0.482000	36.796001	27.176867	295.706726	
342	19.695000	0.194000	12.626000	0.548000	35.171001	28.432514	312.743256	
343	17.270000	0.465000	12.617000	1.219000	34.882999	28.667259	351.066162	
344	25.422001	0.417000	14.685000	0.524000	43.966000	22.744848	238.051224	
345	20.615000	0.202000	12.670000	0.744000	35.581001	28.104887	306.421997	
346	25.073000	0.498000	12.594000	0.555000	41.505001	24.093483	240.177765	
347	29.658001	0.147000	10.811000	0.549000	43.212002	23.141720	207.460800	
348	20.405001	0.176000	12.635000	0.540000	36.195000	27.628126	294.640381	
349	17.107000	0.433000	12.671000	0.545000	33.854000	29.538607	331.513092	
350	18.788000	0.232000	12.796000	0.489000	34.390999	29.077375	329.931091	
351	17.980000	9.547000	12.708000	1.256000	33.946999	29.457685	341.964142	
352	27.091000	0.200000	13.103000	1.170000	43.407001	23.037758	228.705383	
353	26.410000	0.199000	12.966000	0.557000	41.139000	24.307835	240.904297	
354	27.325001	0.170000	11.435000	0.494000	41.084999	24.339785	226.948135	
355	19.790001	0.179000	12.649000	0.575000	35.341000	28.295748	306.631073	
356	16.986000	1.220000	12.632000	0.585000	32.152000	31.102264	377.298737	
357	18.976000	0.201000	12.630000	0.533000	34.902000	28.651653	337.271149	
358	25.327000	0.242000	13.153000	1.338000	43.717999	22.873875	229.113480	
359	19.497000	0.185000	12.604000	0.519000	34.703999	28.815123	321.747772	
360	28.315979	0.177000	12.272000	0.903000	44.367981	22.538776	214.272064	
361	43.016998	8.474000	8.560000	0.499000	53.431999	18.715376	146.756622	
362	31.457001	0.184000	10.608000	0.523000	44.516998	22.463329	197.100754	
363	25.892000	0.184000	12.403000	0.497000	40.891998	24.454662	235.247406	
364	18.889999	0.196000	12.622000	0.554000	33.402000	29.938326	336.297638	
365	19.344000	0.214000	12.657000	0.491000	35.417999	28.234232	318.296875	
366	17.858999	0.188000	12.585000	1.202000	32.987000	30.314974	354.548096	
367	26.974001	0.178000	12.585000	0.503000	42.910999	23.304049	227.802750	
368	27.407000	0.182000	12.045000	0.475000	41.633999	24.018831	228.331848	
369	28.362000	0.230000	11.620000	0.539000	41.813000	23.916008	221.866058	
370	29.270000	0.183000	11.143000	0.481000	43.383999	23.049973	205.623306	
371	27.381001	0.149000	11.323000	0.452000	41.349998	24.183798	223.418182	
372	30.129000	0.183000	10.973000	0.484000	44.064999	22.693748	202.499481	
373	29.000000	0.189000	11.268000	0.483000	43.050999	23.228266	211.385147	
374	28.014999	0.177000	11.782000	0.548000	42.604000	23.471975	219.298569	
375	27.850000	0.196000	11.134000	0.528000	43.088001	23.208317	211.569977	
376	29.294001	0.130000	7.637000	1.432000	40.484001	24.701117	209.981186	
377	26.582001	0.169000	12.427000	0.550000	41.331001	24.194914	236.414276	
378	18.711000	0.205000	12.700000	0.863000	34.962002	28.602482	324.519348	
379	26.663000	0.159000	11.727000	1.256000	41.266998	24.232439	234.817169	
380	29.135000	0.191000	10.977000	0.532000	43.061001	23.222870	209.764160	
381	20.995001	0.176000	12.720000	0.512000	37.195000	26.885334	287.925323	
382	17.948000	0.197000	12.685000	1.324000	35.196999	28.411514	333.693451	
383	20.853001	0.193000	10.830000	0.454000	34.285999	29.166424	303.847015	
384	29.640015	0.233000	12.268000	0.487000	46.317017	21.590338	201.326599	
385	20.308001	0.199000	12.675000	0.547000	36.127998	27.679363	296.892853	
386	25.330999	0.205000	12.700000	1.365000	42.631001	23.457108	240.425568	
387	16.617001	0.215000	12.605000	0.502000	32.650002	30.627871	385.907898	
388	19.263000	0.236000	12.657000	0.534000	34.653000	28.857531	326.523560	
389	26.834000	0.305000	14.686000	0.471000	44.231998	22.608067	237.485123	
390	25.037001	0.185000	12.720000	0.539000	40.748001	24.541080	242.230637	
391	24.874001	0.476000	12.647000	0.569000	40.290001	24.820053	248.507172	
392	23.017000	0.193000	12.669000	0.862000	39.105000	25.572178	263.980865	
393	18.511000	0.269000	12.573000	1.310000	36.049999	27.739252	321.534027	
394	17.587000	0.226000	12.774000	1.216000	33.875000	29.520296	356.355499	
395	28.639000	0.185000	12.621000	1.246000	44.027000	22.713335	221.063110	
396	25.238001	0.192000	12.631000	0.476000	40.543999	24.664562	242.258621	
397	22.080000	0.194000	12.642000	0.537000	37.476002	26.683743	276.086365	
398	26.844999	0.166000	11.882000	1.220000	41.985001	23.818029	230.388763	
399	21.700001	0.496000	12.668000	0.554000	36.563999	27.349306	286.483154	
400	20.948000	0.176000	10.893000	0.544000	35.438999	28.217501	287.032074	
401	26.975000	0.236000	12.666000	0.632000	42.660999	23.440613	232.870270	
402	24.014000	0.156000	11.347000	0.480000	38.258999	26.137642	251.035675	
403	30.111000	0.475000	11.387000	0.557000	43.931000	22.762970	206.027313	
404	30.040001	0.452000	11.167000	0.465000	43.432999	23.023968	206.061066	
405	29.253000	0.169000	10.904000	0.462000	42.999001	23.256355	207.762238	
406	26.959000	0.460000	12.241000	0.459000	41.548000	24.068546	229.213638	
407	26.905001	0.171000	11.980000	0.408000	41.708000	23.976215	224.678802	
408	26.160999	0.450000	11.413000	0.499000	40.306000	24.810202	233.883133	
409	23.273010	0.204000	12.666000	0.875000	38.426025	26.024029	273.090088	
410	18.759001	0.221000	12.683000	1.238000	36.856998	27.131889	310.904144	
411	27.650000	0.194000	12.633000	0.556000	43.334000	23.076569	220.574844	
412	26.146000	0.165000	11.370000	0.458000	40.575001	24.645718	230.997803	
413	25.370001	0.175000	12.757000	0.467000	40.564999	24.651794	243.091705	
414	19.156000	0.735000	12.503000	0.554000	34.301998	29.152821	315.867889	
415	28.841999	0.193000	12.670000	1.244000	44.988998	22.227657	213.885986	
416	27.329000	0.188000	11.968000	0.534000	42.004002	23.807255	225.177383	
417	20.768999	0.181000	12.871000	0.489000	35.680000	28.026905	301.705078	
418	19.358999	0.218000	12.679000	1.328000	35.603001	28.087521	318.587036	
419	18.563999	0.437000	12.673000	0.481000	34.521000	28.967875	327.373108	
420	27.524000	0.218000	12.612000	1.306000	45.339001	22.056067	213.646301	
421	25.677999	0.184000	12.239000	0.469000	40.851002	24.479204	235.838226	
422	24.386999	0.199000	11.602000	0.749000	39.383999	25.391022	247.841492	
423	30.034000	0.194000	11.507000	0.488000	43.727001	22.869165	206.833328	
424	28.226999	0.196000	11.776000	0.462000	42.743000	23.395643	216.774841	
425	21.924999	0.151000	11.029000	0.530000	35.528000	28.146814	279.272736	
426	23.393999	0.191000	12.990000	0.556000	39.092999	25.580029	263.020752	
427	24.458000	0.226000	12.539000	0.534000	41.333000	24.193743	247.402924	
428	26.976000	0.185000	11.673000	0.466000	42.125000	23.738873	221.834778	
429	23.535999	0.452000	11.401000	1.269000	39.306000	25.441408	256.469635	
430	27.348000	0.442000	11.621000	0.456000	42.759998	23.386343	230.675964	
431	24.555000	9.555000	9.120000	0.471000	36.553001	27.357534	247.587921	
432	36.278000	0.183000	10.146000	0.486000	48.622002	20.566820	173.456940	
433	25.909973	0.204000	12.619000	0.509000	40.208008	24.870668	245.692871	
434	31.549000	0.174000	10.588000	0.487000	44.583000	22.430075	195.873474	
435	29.660999	0.195000	10.999000	0.532000	43.234001	23.129944	206.663467	
436	28.979000	0.189000	11.213000	0.479000	43.268002	23.111767	208.478241	
437	29.398001	0.171000	11.206000	0.571000	43.720001	22.872826	207.201157	
438	27.563000	0.181000	11.624000	0.485000	42.333000	23.622232	218.514038	
439	29.603001	0.170000	10.878000	0.546000	43.308998	23.089890	206.758560	
440	30.489000	0.200000	10.806000	0.508000	44.119999	22.665459	200.027237	
441	31.117001	0.191000	11.033000	0.494000	43.887001	22.785789	204.294601	
442	29.590000	0.199000	10.850000	0.481000	42.761002	23.385794	210.620880	
443	33.691002	0.158000	8.828000	0.458000	45.172001	22.137608	183.536743	
444	29.671000	0.178000	10.684000	0.482000	43.146999	23.176582	206.013824	
445	23.350000	0.216000	12.699000	0.511000	38.770000	25.793139	261.023773	
446	20.575001	0.469000	12.706000	0.484000	37.569000	26.617689	284.707062	
447	24.031000	0.191000	12.604000	1.243000	40.160999	24.899778	261.991180	
448	23.046000	0.225000	11.402000	0.579000	38.439999	26.014568	260.839813	
449	28.287001	0.226000	11.911000	0.537000	43.018002	23.246082	225.734863	
450	28.274000	0.182000	11.718000	0.523000	42.574001	23.488514	218.658325	
451	19.929001	0.168000	10.865000	0.451000	33.716999	29.658630	303.539185	
452	29.889999	0.465000	11.031000	0.492000	44.612000	22.415493	200.275558	
453	29.895000	0.196000	10.602000	0.496000	43.599998	22.935781	204.473862	
454	31.337000	0.469000	10.583000	0.468000	44.659000	22.391903	195.843002	
455	30.708000	0.196000	10.663000	0.553000	44.807999	22.317444	196.657181	
456	26.597000	0.487000	12.172974	0.536000	41.575012	24.052910	233.683319	
457	23.339001	0.187000	11.216000	0.810000	37.016998	27.014616	271.874847	
458	19.049000	0.195000	12.711000	0.479000	35.325001	28.308563	312.339569	
459	17.061001	0.206000	13.234000	1.211000	35.127998	28.467321	350.635681	
460	18.596001	0.184000	13.267000	1.124000	35.898998	27.855930	327.611755	
461	20.653999	0.199000	12.345000	1.300000	36.629002	27.300772	307.530365	
462	18.448000	0.202000	12.643000	1.253000	35.307999	28.322195	316.058289	
463	17.775000	0.185000	12.988000	0.509000	33.044998	30.261766	346.732208	
464	19.007999	0.248000	12.724000	1.246000	35.486000	28.180128	318.699982	
465	19.671000	0.222000	12.582000	1.268000	35.785999	27.943890	319.266022	
466	21.531000	0.499000	14.762000	1.333000	41.500000	24.096386	275.590546	
467	17.570000	0.207000	12.575000	0.478000	32.956001	30.343487	344.888519	
468	28.844999	0.194000	9.233000	0.591000	41.063000	24.352823	211.158112	
469	29.833000	0.251000	9.095000	0.460000	41.138000	24.308426	209.129654	
470	31.131001	0.152000	8.477000	0.570000	42.167999	23.714666	198.493698	
471	32.583000	0.146000	8.046000	0.526000	42.891998	23.314371	191.247116	
472	24.377001	0.167000	9.643000	0.437000	36.493999	27.401766	249.571823	
473	24.492001	0.168000	10.097000	0.550000	36.770000	27.196083	253.626389	
474	21.788000	0.202000	11.479000	0.468000	36.167999	27.648750	278.950775	
475	28.631001	0.179000	8.537000	0.597000	40.245998	24.847191	214.432724	
476	32.549999	0.165000	8.416000	0.521000	43.525002	22.975300	188.739929	
477	23.165001	0.166000	10.098000	0.669000	35.792999	27.938425	265.630432	
478	21.879999	0.181000	11.527000	0.446000	36.132999	27.675533	276.231842	
479	19.032000	0.185000	12.514000	0.461000	34.209000	29.232073	318.361328	
480	27.968000	0.193000	9.716000	0.560000	39.855000	25.090956	223.807632	
481	28.434000	0.200000	9.123000	0.477000	40.258999	24.839167	216.260712	
482	30.004999	0.188000	8.247986	0.467000	40.885986	24.458258	206.908157	
483	31.120001	0.501000	8.644000	0.485000	42.055000	23.778385	200.678009	
484	30.452000	0.170000	8.597000	0.452000	41.243999	24.245951	204.407440	
485	26.389999	0.471000	10.064000	0.468000	38.770000	25.793139	234.196564	
486	30.764999	0.263000	8.746000	0.495000	42.063999	23.773298	201.313705	
487	26.820000	0.149000	8.738000	0.440000	37.771999	26.474638	230.769028	
488	27.855000	5.520000	5.138000	0.405000	35.306999	28.322996	217.953873	
489	40.717999	0.099000	6.963000	0.615000	50.889999	19.650227	149.454971	
490	32.245998	0.151000	7.522000	0.458000	42.438000	23.563787	191.514893	
491	31.513000	0.457000	8.488000	0.490000	43.106998	23.198090	190.725327	
492	32.084000	0.177000	10.577000	0.528000	45.000000	22.222221	193.072388	
493	28.802000	0.200000	10.565000	0.468000	42.312000	23.633957	214.622925	
494	29.966000	0.191000	11.207000	0.553000	43.604000	22.933676	207.947662	
495	20.959999	0.202000	12.643000	0.521000	37.009998	27.019726	286.430969	
496	27.965000	0.179000	12.548000	0.556000	43.271000	23.110167	226.335800	
497	27.537001	0.186000	11.949000	0.459000	41.660000	24.003841	226.474304	
498	24.841000	0.187000	11.542000	0.771000	39.112999	25.566948	250.495956	
499	21.513000	0.202000	12.677000	1.343000	39.041000	25.614098	276.219696	
500	19.271000	0.194000	12.659000	1.352000	36.824001	27.156202	310.796631	
501	20.195999	0.193000	12.657000	0.499000	36.837002	27.146618	305.796448	
502	18.759001	0.192000	12.655000	1.327000	36.737999	27.219772	319.201263	
503	18.128000	0.172000	10.855000	1.244000	33.938000	29.465496	322.225677	
504	21.004000	0.179000	12.636000	1.272000	38.785000	25.783163	285.689606	
505	20.483999	0.188000	12.674000	1.365000	37.348000	26.775196	298.555298	
506	19.886999	0.167000	10.842000	0.478000	33.404999	29.935640	319.752808	
507	29.153015	0.505000	10.585000	0.524000	43.195007	23.150824	212.312531	
508	27.471001	0.170000	11.155000	0.482000	41.438999	24.131857	222.493759	
509	21.966000	0.181000	12.644000	0.841000	37.803001	26.452927	280.994049	
510	18.500999	13.261000	12.651000	0.816000	34.101002	29.324652	338.195770	
511	42.557999	0.159000	7.740000	0.481000	53.500000	18.691589	147.780426	
512	31.576000	0.187000	10.324000	0.497000	44.844002	22.299526	192.517014	
513	31.761999	0.521000	10.687000	0.491000	44.731998	22.355362	197.732590	
514	27.049000	0.438000	12.120000	0.456000	41.532001	24.077818	226.948135	
515	22.893000	0.204000	12.638000	0.511000	38.056000	26.277065	268.315277	
516	28.479000	0.188000	12.104000	0.521000	43.755001	22.854530	219.788864	
517	30.297001	0.185000	10.653000	0.454000	43.451000	23.014429	204.162003	
518	23.712999	0.187000	12.557000	0.620000	39.277000	25.460194	254.508743	
519	29.500999	0.197000	11.378000	0.547000	43.749001	22.857664	215.335464	
520	23.605000	0.158000	10.889000	0.547000	37.250999	26.844917	259.612793	
521	30.129999	0.478000	11.434000	0.468000	44.813999	22.314455	200.530899	
522	22.820999	0.187000	12.692000	0.552000	38.265999	26.132860	271.370605	
523	21.066999	0.189000	12.611000	1.315000	37.375000	26.755854	296.026733	
524	19.504000	0.188000	12.618000	0.527000	34.726002	28.796865	314.227173	
525	21.295000	0.194000	12.674000	1.345000	38.379002	26.055916	297.468384	
526	26.587000	0.491000	12.604000	0.533000	41.389999	24.160425	236.752335	
527	21.427999	0.190000	12.704000	0.572000	37.346001	26.776628	278.087708	
528	21.879999	0.202000	12.643000	1.325000	39.230999	25.490047	274.030060	
529	20.492001	0.182000	12.694000	1.251000	36.346001	27.513344	311.720551	
530	21.322001	0.181000	12.660000	0.511000	36.764999	27.199783	282.851044	
531	27.532000	0.201000	12.500977	0.546000	43.492981	22.992216	224.831360	
532	26.115000	0.205000	12.359000	0.557000	41.426998	24.138847	235.608612	
533	27.448000	0.165000	11.453000	0.472000	41.153999	24.298975	227.720291	
534	22.860001	0.202000	12.666000	0.986000	38.630001	25.886616	270.065948	
535	19.250999	0.175000	10.837000	1.243000	33.400002	29.940119	319.314636	
536	29.010000	0.187000	12.665000	0.478000	44.073002	22.689627	217.916122	
537	21.375999	0.175000	12.606000	1.449000	37.192001	26.887503	298.555298	
538	27.920000	0.178000	12.300000	0.447000	42.921001	23.298618	223.959015	
539	25.789000	0.194000	11.344000	0.728000	40.130001	24.919012	241.088898	
540	28.990000	0.441000	11.275000	0.532000	42.884998	23.318178	211.491745	
541	32.368999	0.196000	10.738000	0.428000	44.630001	22.406452	195.897873	
542	23.520000	0.364000	4.014000	0.657000	39.853001	25.092213	261.110474	
543	36.326000	0.139000	8.431000	0.515000	47.078999	21.240894	168.952591	
544	29.934999	0.201000	10.960000	0.445000	43.390999	23.046255	205.663635	
545	25.136000	0.204000	12.598000	0.621000	41.039001	24.367065	239.628891	
546	19.913000	0.176000	12.580000	0.527000	34.889999	28.661509	305.440155	
547	29.079000	0.199000	12.222000	1.308000	45.431999	22.010918	208.754929	
548	28.256001	0.194000	11.703000	0.484000	42.257000	23.664719	221.304153	
549	28.973000	0.197000	11.361000	0.652000	43.758999	22.852442	207.214828	
550	28.893999	0.206000	11.494000	0.480000	42.883999	23.318722	212.197922	
551	28.629999	0.172000	11.218000	0.568000	42.587002	23.481342	212.570740	
552	28.499001	0.187000	11.723000	0.557000	43.077000	23.214245	216.595718	
553	24.552999	0.190000	12.639000	0.564000	39.532001	25.295961	254.972916	
554	21.586000	0.223000	12.677000	1.335000	38.535999	25.949762	284.513916	
555	18.962000	0.192000	12.714000	1.480000	35.330994	28.303761	336.513519	
556	18.716000	0.193000	12.700000	1.360000	34.785000	28.748024	332.916504	
557	21.072001	0.185000	12.596000	1.209000	38.042000	26.286736	286.587555	
558	19.386999	0.179000	12.731000	1.398000	37.292999	26.814684	311.211731	
559	18.326000	21.841999	22.099001	0.480000	43.307999	23.090424	333.022247	
560	40.160999	0.181000	8.506000	0.497000	51.560001	19.394878	152.723770	
561	32.660000	0.290000	10.504000	0.568000	45.386002	22.033226	194.956955	
562	23.556000	0.175000	12.652000	1.363000	41.083000	24.340969	260.548157	
563	28.080999	0.196000	11.350000	0.475000	42.479000	23.541044	218.203323	
564	30.711000	0.212000	10.810000	0.479000	44.445000	22.499720	198.512482	
565	29.537001	0.191000	11.180000	0.523000	43.132999	23.184105	210.044281	
566	30.368000	0.184000	10.787000	0.592000	44.451000	22.496681	196.860229	
567	27.698000	0.161000	11.408000	0.456000	41.633999	24.018831	219.489822	
568	29.593000	0.112000	6.970000	0.435000	38.743999	25.810448	207.037506	
569	36.083000	0.182000	8.697000	0.553000	48.092999	20.793047	167.646988	
570	33.801998	0.204000	9.920000	0.507000	46.223000	21.634251	183.040146	
571	29.448000	0.507000	10.946000	0.633000	43.208000	23.143862	208.291885	
572	27.621000	0.173000	11.767000	0.580000	42.318001	23.630606	222.682770	
573	26.827000	0.185000	12.037000	0.494000	41.956001	23.834492	225.856400	
574	26.225000	0.179000	11.785000	0.559000	42.817001	23.355209	215.092529	
575	27.546000	0.175000	12.152000	0.459000	42.375999	23.598263	222.226547	
576	29.487000	0.147000	8.527000	0.487000	40.370998	24.770256	208.098969	
577	33.791000	0.184000	10.092000	0.503000	45.895000	21.788866	185.725647	
578	30.948999	0.185000	11.373000	0.479000	44.361000	22.542324	200.671616	
579	22.357971	0.160000	10.817000	0.499000	36.036011	27.750019	272.581696	
580	20.910999	0.184000	12.618000	0.599000	36.834000	27.148830	288.017609	
581	26.583000	0.194000	12.459000	0.519000	42.937000	23.289936	227.736771	
582	26.625999	0.179000	11.891000	0.554000	41.846001	23.897146	225.815872	
583	28.714001	0.169000	10.878000	0.484000	41.826000	23.908573	217.848221	
584	25.421000	0.172000	12.433000	0.481000	40.855999	24.476210	235.555664	
585	28.860001	0.182000	11.674000	0.521000	42.577999	23.486307	219.574081	
586	28.773001	0.181000	11.485000	0.490000	42.769001	23.381420	215.689804	
587	30.500000	0.206000	10.857000	0.561000	44.033001	22.710239	203.278061	
588	26.695999	0.215000	11.844000	0.475000	42.036999	23.788568	230.304413	
589	28.576000	0.185000	11.150000	0.488000	42.390999	23.589914	216.260712	
590	30.103001	0.201000	11.126000	0.479000	43.432999	23.023968	207.844604	
591	20.048000	0.210000	12.789000	0.897000	36.167999	27.648750	306.900299	
592	19.733999	0.221000	12.639000	0.562000	35.071999	28.512775	319.882874	
593	28.565001	0.177000	11.974000	0.592000	43.194000	23.151363	221.475555	
594	27.997000	0.133000	6.951000	1.501000	39.089001	25.582644	219.267975	
595	31.454000	0.191000	9.998000	0.492000	44.790001	22.326412	195.556885	
596	31.409000	0.479000	10.534000	0.468000	44.713001	22.364861	196.780197	
597	31.768999	0.162000	10.316000	0.523000	44.835999	22.303507	194.144806	
598	29.889999	0.170000	10.575000	0.436000	43.243000	23.125130	205.000198	
599	31.033001	0.130000	7.636000	0.477000	42.250000	23.668638	193.696503	
600	32.368000	0.171000	10.925000	0.455000	45.637001	21.912045	191.223862	
601	30.770000	0.149000	11.446000	0.477000	44.231998	22.608067	204.301224	
602	26.452026	0.182000	11.374000	0.903000	40.630005	24.612352	234.344986	
603	17.993000	0.200000	12.651000	1.228000	35.332001	28.302954	340.612640	
604	18.141001	0.190000	12.639000	1.329000	34.240002	29.205606	337.760010	
605	18.384001	0.473000	12.618000	0.526000	34.792000	28.742239	337.723785	
606	17.187000	0.195000	12.648000	1.324000	34.379002	29.087523	349.719635	
607	19.091000	0.183000	12.682000	1.246000	36.820999	27.158415	316.949921	
608	17.302000	0.198000	12.657000	1.296000	35.094002	28.494898	349.350647	
609	27.899000	0.211000	9.147000	0.479000	39.602001	25.251249	228.042191	
610	31.098000	0.147000	8.483000	0.536000	42.847000	23.338858	193.833755	
611	28.773001	0.164000	8.757000	0.510000	40.298000	24.815126	212.707306	
612	22.664000	0.172000	11.313000	0.507000	36.507000	27.392008	269.476013	
613	20.281000	0.175000	10.684000	0.466000	33.748001	29.631384	295.831848	
614	22.171000	0.160000	10.565000	0.522000	35.736000	27.982986	272.086517	
615	21.193001	0.169000	11.879000	0.439000	35.321999	28.310968	292.775665	
616	28.565001	0.186000	8.853000	0.474000	40.191002	24.881191	213.718872	
617	32.738998	0.183000	8.490000	0.724000	43.464001	23.007545	192.841568	
618	32.988998	0.140000	8.408000	0.476000	44.374001	22.535719	184.765701	
619	32.584000	0.134000	6.765000	0.472000	41.779999	23.934898	189.970901	
620	31.889999	0.150000	8.475000	0.470000	43.102001	23.200779	192.117249	
621	30.754999	0.248000	5.327000	0.419000	38.752998	25.804455	198.299744	
622	37.959000	0.147000	8.006000	0.478000	48.731998	20.520397	160.582352	
623	32.676998	0.170000	8.532000	0.445000	43.685001	22.891151	189.347702	
624	32.629002	0.143000	7.683000	0.468000	42.730999	23.402214	189.627335	
625	34.655998	0.183000	9.376000	0.524000	45.782001	21.842646	183.493942	
626	34.398998	0.164000	8.022000	0.509000	44.451000	22.496681	181.451157	
627	29.145020	0.185000	10.669000	0.512000	42.773987	23.378695	209.792038	
628	22.370001	0.191000	12.651000	0.664000	39.018002	25.629196	269.776459	
629	16.969999	0.179000	10.849000	1.207000	32.960999	30.338886	354.368378	
630	28.157000	0.458000	12.646000	0.604000	45.389000	22.031771	217.479218	
631	28.160999	0.195000	10.609000	0.461000	42.382000	23.594923	220.281357	
632	32.793999	0.178000	9.828000	0.481000	45.314999	22.067749	187.535950	
633	32.063999	0.543000	10.600000	0.512000	44.762001	22.340378	196.307404	
634	30.660000	0.515000	10.842000	0.512000	44.158001	22.645952	203.061569	
635	31.025000	0.178000	10.567000	0.480000	43.754002	22.855053	200.831757	
636	31.200001	0.189000	10.561000	0.568000	44.465000	22.489599	198.581406	
637	26.959000	0.175000	11.990000	0.687000	42.254002	23.666397	226.026825	
638	19.603001	0.496000	12.655000	0.508000	34.848999	28.695229	312.805450	
639	19.926001	0.182000	12.623000	1.361000	36.527000	27.377008	299.621704	
640	19.639000	0.191000	10.839000	1.229000	35.230999	28.384094	312.852112	
641	29.733000	0.187000	12.645000	0.474000	44.340000	22.552999	210.761993	
642	28.549000	0.182000	11.375000	0.526000	42.596001	23.476383	216.857040	
643	34.799000	0.215000	9.090000	0.569000	46.494999	21.507690	180.136765	
644	32.187000	0.195000	10.405000	0.461000	45.264999	22.092125	189.547363	
645	29.825001	0.183000	11.030000	0.641000	44.541000	22.451225	201.487793	
646	29.132000	0.159000	11.338000	0.443000	43.022999	23.243382	211.151047	
647	30.289000	0.161000	11.052000	0.551000	43.978001	22.738642	203.560883	
648	32.736000	0.199000	9.986000	0.646000	45.939999	21.767523	187.106506	
649	24.778000	0.220000	12.715000	0.788000	39.987999	25.007504	252.557358	
650	27.531000	0.195000	11.937012	0.615000	42.306030	23.637293	222.336502	
651	28.452999	0.188000	11.014000	0.458000	42.412998	23.577677	214.199112	
652	27.705000	0.200000	11.981000	0.557000	42.497002	23.531073	223.394379	
653	31.052000	0.188000	10.425000	0.570000	44.555000	22.444170	194.679459	
654	29.898001	0.455000	11.161000	0.497000	43.414001	23.034044	206.772156	
655	30.158001	0.436000	10.697000	0.462000	43.208000	23.143862	205.966614	
656	23.452000	0.177000	12.590000	0.571000	38.446999	26.009832	259.827209	
657	18.660000	0.185000	12.622000	0.548000	34.688999	28.827583	328.261292	
658	18.893000	0.440000	12.650000	1.243000	37.089001	26.962172	311.627960	
659	17.365999	0.191000	12.659000	1.335000	33.054001	30.253523	361.973175	
660	25.171000	0.197000	12.655000	1.325000	41.972000	23.825407	245.664047	
661	18.083000	0.188000	12.634000	1.215000	35.542999	28.134935	337.397766	
662	25.483000	0.202000	11.873000	0.564000	40.669998	24.588150	243.373810	
663	28.822001	0.196000	11.278000	0.557000	43.261002	23.115507	211.335449	
664	28.620001	0.182000	11.544000	0.521000	43.134998	23.183031	213.878708	
665	27.777000	0.192000	12.129000	0.544000	42.088001	23.759741	228.547531	
666	28.577000	0.187000	11.667000	0.470000	42.666000	23.437866	220.938904	
667	28.009001	0.191000	11.897000	0.537000	42.299999	23.640663	222.556747	
668	29.532000	0.182000	11.471000	0.586000	43.068001	23.219095	215.564178	
669	27.896000	0.197000	12.284000	0.530000	43.389999	23.046785	217.780334	
670	25.388000	0.178000	12.675000	0.546000	40.508999	24.685873	246.086838	
671	24.224001	0.199000	12.662000	1.355000	41.561001	24.061018	259.677063	
672	15.992000	0.245000	12.696000	0.479000	32.198002	31.057827	374.023926	
673	27.972000	0.422000	12.479000	0.486000	43.449001	23.015490	222.305084	
674	27.007999	0.188000	12.631000	0.661000	42.827000	23.349756	225.330627	
675	26.115999	0.176000	11.630000	0.770000	40.658997	24.594803	237.646591	
676	20.223000	0.471000	12.657000	0.627000	36.305000	27.544415	310.321411	
677	28.100000	0.195000	12.607000	0.484000	44.069000	22.691689	220.358521	
678	28.341000	0.195000	12.403000	0.624000	43.167999	23.165308	220.838074	
679	26.469000	0.202000	12.576000	0.487000	42.117001	23.743382	231.210022	
680	27.143000	0.159000	11.977000	0.633000	42.325001	23.626698	222.257980	
681	28.966000	0.201000	12.225000	0.616000	43.707001	22.879629	212.937668	
682	28.808001	0.192000	11.951000	0.583000	43.439999	23.020258	215.011658	
683	27.775999	0.200000	12.379000	0.582000	43.328999	23.079231	219.023712	
684	26.917999	0.172000	11.637000	0.766000	41.653000	24.007875	228.166260	
685	28.721001	0.190000	11.949000	0.484000	43.793999	22.834179	208.526611	
686	27.461000	0.219000	12.453000	0.491000	42.617001	23.464815	223.307175	
687	29.125000	0.180000	11.039000	0.535000	42.742001	23.396191	213.936890	
688	28.049000	0.186000	12.031000	0.585000	43.216999	23.139044	215.460831	
689	28.188000	0.179000	12.502000	0.488000	42.561001	23.495687	224.510437	
690	27.753000	0.170000	12.328000	0.490000	42.868999	23.326880	220.104126	
691	22.511999	0.162000	12.638000	0.562000	38.210999	26.170475	268.521393	
692	16.739000	0.683000	16.396999	0.515000	36.522999	27.380009	352.521790	
693	24.339001	0.180000	12.619000	1.260000	40.734001	24.549515	254.385254	
694	30.547001	0.189000	11.799000	0.575000	44.382000	22.531656	205.939651	
695	26.155001	0.169000	11.655000	1.237000	41.511002	24.090000	235.036484	
696	19.270000	0.196000	12.639000	1.402000	36.397999	27.474037	315.519379	
697	26.354000	0.198000	11.818000	0.498000	42.259998	23.663040	236.165771	
698	26.323999	0.460000	12.562988	0.611000	42.463989	23.549366	228.697067	
699	27.396000	0.183000	12.351000	0.475000	42.709000	23.414268	222.816833	
700	27.280001	0.154000	11.869000	0.522000	41.673000	23.996353	223.267532	
701	27.011000	0.200000	12.716000	0.489000	42.033001	23.790831	229.539795	
702	27.271999	0.484000	11.994000	0.504000	42.001999	23.808392	224.502426	
703	27.997000	0.184000	11.235000	0.527000	42.150002	23.724792	217.464188	
704	29.695999	0.198000	10.964000	0.534000	43.412998	23.034576	205.616592	
705	29.073000	0.191000	11.346000	0.526000	43.285999	23.102158	210.853821	
706	29.041000	0.207000	11.373000	0.520000	43.057999	23.224489	210.374374	
707	26.823000	0.172000	11.311000	0.511000	40.863998	24.471418	227.629669	
708	28.410000	0.190000	11.404000	0.588000	42.929001	23.294275	214.104340	
709	29.235001	0.279000	10.996000	0.488000	42.820999	23.353027	208.713394	
710	26.455000	0.168000	11.475000	0.476000	40.379002	24.765347	234.983795	
711	26.150000	0.486000	12.429000	0.470000	40.768002	24.529041	238.574799	
712	23.336000	0.179000	11.360000	0.840000	37.828999	26.434748	264.658264	
713	19.245001	0.204000	13.613000	0.485000	34.895000	28.657400	326.252655	
714	16.450001	0.201000	12.729000	1.196000	33.174000	30.144089	367.878418	
715	15.824000	0.206000	12.894000	1.248000	34.160000	29.274004	372.517975	
716	15.710000	0.207000	12.655000	0.563000	32.761002	30.524097	369.065277	
717	15.169000	0.221000	10.831000	1.270000	30.566999	32.715019	387.047485	
718	17.958000	0.194000	10.912000	0.513000	32.398998	30.865152	339.748169	
719	20.254000	0.217000	11.935000	0.524000	36.549999	27.359781	293.718781	
720	20.156000	0.201000	12.222000	0.446000	34.823002	28.716652	305.603363	
721	19.243999	0.192000	12.646000	0.504000	33.546001	29.809813	327.867889	
722	19.246000	0.757000	12.114000	0.631000	34.132000	29.298019	317.991211	
723	27.313000	0.201000	9.683000	0.496000	39.956001	25.027529	222.895782	
724	25.698975	0.175000	10.126000	0.534000	39.359009	25.407145	231.184647	
725	23.020000	0.177000	10.154000	0.444000	35.237999	28.378456	272.936340	
726	21.525999	0.174000	10.678000	0.596000	34.921001	28.636063	282.279968	
727	20.909000	0.196000	11.954000	0.574000	36.018002	27.763895	286.470093	
728	19.893999	0.193000	12.135000	0.416000	34.708000	28.811802	307.170013	
729	20.525000	0.616000	12.170000	0.527000	35.421001	28.231838	293.897156	
730	29.820000	0.163000	8.178000	0.473000	40.514000	24.682825	207.673096	
731	32.242001	0.154000	8.524000	0.453000	43.250999	23.120853	190.194885	
732	32.250000	0.147000	7.705000	0.466000	43.046001	23.230961	188.102280	
733	34.296001	0.130000	7.428000	0.454000	44.168999	22.640314	180.343277	
734	27.768999	0.165000	8.088000	0.459000	39.493999	25.320303	212.923248	
735	22.712000	0.190000	11.227000	0.451000	36.550999	27.359034	267.903961	
736	19.990000	0.208000	12.227000	0.487000	34.849998	28.694407	306.840424	
737	28.926001	0.179000	8.671000	0.473000	39.790001	25.131943	218.772400	
738	31.718000	0.137000	8.522000	0.477000	42.728001	23.403856	197.106949	
739	33.694000	0.146000	6.954000	0.550000	43.222000	23.136366	183.584946	
740	33.487000	0.148000	7.848000	0.465000	44.056000	22.698383	182.976288	
741	31.299000	6.764000	6.344000	0.517000	40.886002	24.458248	193.624985	
742	39.796001	0.156000	7.695000	0.516000	50.812000	19.680389	154.270416	
743	32.605999	0.487000	10.239000	0.498000	45.422001	22.015762	189.678818	
744	29.364000	0.211000	11.189000	0.477000	43.131001	23.185181	208.092087	
745	26.566000	0.194000	12.482000	0.558000	41.151001	24.300745	235.071594	
746	19.347000	0.193000	12.643000	0.549000	35.061001	28.521719	306.541412	
747	28.650999	0.239000	11.977000	0.529000	43.491001	22.993263	217.059036	
748	31.359985	0.202000	10.608000	0.472000	43.903992	22.776972	201.720184	
749	29.896999	0.176000	11.092000	0.473000	43.403999	23.039352	206.853729	
750	28.875999	0.190000	11.351000	0.472000	42.786999	23.371586	213.342026	
751	28.062000	0.427000	11.204000	0.464000	42.196999	23.698368	213.711624	
752	28.150999	0.223000	11.748000	0.517000	42.415001	23.576565	220.304504	
753	27.205999	0.231000	12.198000	0.514000	41.310001	24.207212	233.120499	
754	24.525999	0.420000	11.487000	1.156000	39.637001	25.228952	250.008179	
755	22.000000	0.179000	13.304000	1.229000	40.117001	24.927088	277.560150	
756	16.391001	0.196000	12.603000	0.737000	31.407000	31.840036	380.769623	
757	17.063999	0.231000	10.165000	0.466000	31.100000	32.154339	352.877655	
758	21.479000	0.239000	12.677000	1.313000	37.118999	26.940382	293.581696	
759	18.090000	0.454000	12.696000	1.241000	35.171001	28.432514	329.723602	
760	18.330000	0.443000	13.150000	0.484000	34.428001	29.046124	326.455811	
761	19.570999	0.198000	12.631000	0.498000	34.797001	28.738110	324.084686	
762	25.716999	0.218000	12.626000	1.330000	43.828999	22.815945	233.961411	
763	28.643999	0.491000	11.100000	0.449000	42.451000	23.556570	215.305984	
764	29.441000	0.185000	11.214000	0.572000	43.723000	22.871258	207.707367	
765	29.605000	0.199000	11.221000	0.482000	43.146000	23.177120	211.819275	
766	31.298000	0.197000	10.656000	0.524000	44.130001	22.660320	200.479782	
767	30.506001	0.479000	10.493000	0.476000	43.623001	22.923687	202.011826	
768	29.076000	0.194000	11.166000	0.512000	43.868999	22.795141	207.098862	
769	30.431999	0.233000	10.854000	0.483000	43.268002	23.111767	208.119629	
770	30.040001	0.200000	11.037000	0.492000	43.611000	22.929995	205.107132	
771	30.468000	0.160000	10.773000	0.537000	43.352001	23.066986	205.710709	
772	29.259001	0.489000	10.927002	0.481000	43.361023	23.062187	206.710999	
773	32.463001	0.178000	9.813000	0.431000	44.476002	22.484035	190.736877	
774	30.927000	0.200000	10.950000	0.504000	44.235001	22.606533	199.424881	
775	29.409000	0.167000	11.061000	0.568000	43.851002	22.804497	203.186157	
776	32.058998	0.171000	10.668000	0.558000	45.351002	22.050230	191.953125	
777	77.774002	0.203000	12.661000	0.841000	93.544998	10.690042	80.314751	
778	19.350000	0.192000	12.592000	0.563000	35.247002	28.371208	313.460022	
779	19.034000	0.197000	12.585000	0.467000	35.116001	28.477047	324.251740	
780	25.908001	4.074000	3.697000	0.437000	31.899000	31.348946	239.428253	
781	46.935001	0.210000	8.566000	0.533000	59.721001	16.744528	133.619125	
782	34.083000	0.175000	8.838000	0.553000	46.258999	21.617416	178.283768	
783	31.608000	0.199000	10.395000	0.503000	45.076000	22.184755	193.881531	
784	28.174999	0.514000	12.206000	0.580000	43.415001	23.033514	216.700165	
785	25.632999	0.261000	12.658000	0.847000	41.043999	24.364098	245.166229	
786	28.716000	0.175000	11.578000	0.582000	43.584999	22.943674	212.822418	
787	28.761999	0.182000	11.933000	0.465000	43.389000	23.047316	213.893250	
788	29.233999	0.187000	11.808000	0.481000	43.412998	23.034576	211.983429	
789	27.510000	0.180000	12.451000	0.555000	43.021999	23.243921	221.296387	
790	30.445999	0.171000	11.362000	0.535000	44.220001	22.614201	206.955795	
791	28.636000	0.182000	11.916000	0.486000	43.484001	22.996964	213.370956	
792	26.952999	0.174000	12.352000	0.548000	42.925999	23.295906	220.838074	
793	33.238998	0.183000	10.419000	0.518000	46.629002	21.445881	184.901428	
794	28.377014	0.176000	12.035000	0.465000	43.252014	23.120310	214.279190	
795	24.431000	0.434000	11.430000	0.514000	39.480000	25.329281	247.743896	
796	20.386000	0.423000	12.673000	0.610000	37.034000	27.002214	294.103210	
797	19.184000	0.196000	12.634000	1.335000	36.148998	27.663284	317.541840	
798	28.018000	0.194000	12.648000	1.388000	45.069000	22.188200	220.900116	
799	27.969999	0.218000	11.720000	0.650000	43.139999	23.180344	216.939285	
800	19.879000	0.205000	12.766000	0.832000	35.241001	28.376038	316.169464	
801	20.528999	0.180000	10.894000	1.335000	36.369999	27.495190	290.813354	
802	19.077000	0.214000	12.689000	1.286000	36.958000	27.057741	318.893829	
803	27.122999	0.175000	12.673000	0.544000	43.270000	23.110701	221.623779	
804	29.858999	0.187000	11.657000	0.640000	44.300999	22.572855	208.319458	
805	33.605999	0.166000	9.876000	0.484000	47.662998	20.980637	176.359711	
806	30.833000	0.165000	11.293000	0.506000	44.792999	22.324917	199.222794	
807	29.316999	0.181000	11.736000	0.501000	43.834999	22.812820	209.456879	
808	29.360001	0.427000	10.551000	0.567000	43.394001	23.044661	204.314499	
809	32.705002	0.189000	9.705000	0.501000	46.504002	21.503527	179.356186	
810	22.589001	0.231000	12.575000	1.251000	39.631001	25.232773	263.748474	
811	20.285000	0.207000	12.669000	1.317000	36.143002	27.667873	305.336395	
812	29.875000	0.214000	11.681000	0.594000	45.294998	22.077494	201.810959	
813	32.137001	0.197000	10.311000	0.473000	45.334000	22.058498	190.494324	
814	28.865000	0.183000	11.092000	0.472000	43.548000	22.963167	206.731384	
815	29.469000	0.172000	10.604000	0.489000	43.484001	22.996964	204.128891	
816	30.955000	0.208000	10.626000	0.552000	44.494999	22.474436	199.128235	
817	28.711000	0.191000	11.611023	0.532000	42.422974	23.572134	218.294174	
818	29.777000	0.202000	11.114000	0.474000	43.317001	23.085625	207.611404	
819	31.172001	0.169000	10.981000	0.605000	45.301998	22.074081	195.211029	
820	29.089001	0.155000	11.143000	0.465000	43.265999	23.112837	208.498978	
821	30.551001	0.185000	11.262000	0.482000	45.014999	22.214817	197.658051	
822	30.871000	0.190000	11.211000	0.600000	45.472000	21.991554	197.620819	
823	30.230000	0.199000	11.475000	0.478000	44.252998	22.597340	204.341049	
824	31.068001	0.170000	11.264000	0.486000	44.844002	22.299526	196.878723	
825	24.066999	0.161000	11.211000	0.553000	37.595001	26.599281	258.397247	
826	28.188999	0.196000	12.715000	1.307000	45.919998	21.777004	214.162643	
827	28.309000	0.176000	12.219000	0.459000	43.023998	23.242842	217.599564	
828	23.742001	0.175000	11.212000	0.654000	37.580002	26.609898	262.910828	
829	21.143000	0.201000	12.723000	1.232000	37.082001	26.967260	298.201569	
830	29.000999	0.472000	12.780000	0.494000	45.036999	22.203966	217.268921	
831	25.030001	0.170000	12.585000	1.308000	42.034000	23.790264	234.755829	
832	28.930000	0.275000	11.994000	0.595000	43.768002	22.847742	211.392258	
833	26.260000	0.179000	11.578000	1.244000	41.676998	23.994051	234.677017	
834	32.687000	0.482000	10.001000	0.496000	46.456001	21.525743	182.954987	
835	25.816000	0.191000	12.614000	0.972000	41.460999	24.119053	238.719635	
836	22.323000	0.179000	12.631000	0.482000	37.589001	26.603527	274.065887	
837	19.643000	0.187000	12.628000	1.352000	36.596001	27.325390	309.147278	
838	18.882000	0.199000	12.668000	1.241000	35.919998	27.839645	328.535583	
839	29.169001	0.209000	11.866000	0.485000	44.198002	22.625458	208.278091	
840	22.761999	0.165000	11.136000	0.551000	35.737000	27.982204	278.469269	
841	32.151978	0.192000	11.760000	0.471000	46.281006	21.607136	194.150604	
842	25.372999	0.196000	12.656000	0.845000	40.957001	24.415850	243.195053	
843	28.548000	0.174000	11.695000	0.447000	43.950001	22.753128	206.121811	
844	23.254000	0.180000	12.424000	0.514000	38.238998	26.151312	262.165863	
845	22.385000	0.172000	10.881000	1.321000	35.848000	27.895559	283.731232	
846	19.625000	0.192000	12.634000	0.575000	37.272999	26.829073	301.502655	
847	17.903999	0.235000	12.658000	0.553000	34.436001	29.039377	342.709259	
848	18.243999	0.461000	12.659000	0.540000	34.849998	28.694407	322.506500	
849	20.787001	0.181000	12.743000	0.533000	37.053001	26.988367	293.239624	
850	30.153999	0.237000	12.646000	1.290000	45.622002	21.919249	210.233780	
851	26.198999	0.196000	12.602000	0.470000	41.817001	23.913719	232.362839	
852	28.937000	0.171000	11.586000	0.615000	43.862999	22.798258	209.213104	
853	20.732000	0.191000	12.564000	0.492000	36.076000	27.719259	292.884674	
854	21.857000	0.248000	12.681000	1.320000	39.466000	25.338266	275.614685	
855	18.009001	0.218000	12.695000	0.563000	35.414001	28.237419	322.920288	
856	19.846001	0.198000	12.594000	1.242000	34.998001	28.573061	319.671600	
857	21.243000	0.239000	12.744000	0.561000	37.002998	27.024837	296.096405	
858	29.423000	0.200000	12.570000	1.183000	44.950001	22.246941	212.047729	
859	30.091000	0.188000	11.546000	0.468000	44.435001	22.504782	201.752701	
860	33.067001	0.178000	10.569000	0.507000	46.478001	21.515556	184.332596	
861	30.915001	0.175000	11.332000	0.535000	45.264999	22.092125	198.299744	
862	31.080000	0.171000	11.054000	0.526000	44.762001	22.340378	197.366638	
863	30.912001	0.196000	11.164000	0.483000	45.275002	22.087244	194.360733	
864	32.865002	0.190000	10.919000	0.523000	45.570999	21.943781	190.945282	
865	30.932007	0.186000	10.933000	0.541000	44.369019	22.538250	200.192688	
866	32.186001	0.206000	10.287000	0.549000	45.195999	22.125853	192.399261	
867	32.785999	0.542000	9.945000	0.467000	45.848999	21.810726	184.738556	
868	33.877998	0.158000	8.362000	0.514000	45.303001	22.073593	178.339371	
869	33.980999	0.204000	9.426000	0.472000	46.755001	21.388086	177.494110	
870	34.667999	0.173000	9.522000	0.499000	46.970001	21.290184	176.940033	
871	31.608999	0.191000	10.071000	0.468000	45.242001	22.103355	189.930771	
872	34.481998	0.239000	9.621000	0.482000	46.949001	21.299707	179.453400	
873	35.513000	0.180000	9.169000	0.563000	47.653000	20.985037	173.705963	
874	34.258999	0.207000	8.726000	0.526000	47.125999	21.219709	174.680206	
875	34.015999	0.203000	9.634000	0.482000	46.168999	21.659555	181.965469	
876	33.512001	0.175000	10.005000	0.467000	45.872002	21.799789	184.673492	
877	33.580002	0.203000	9.831000	0.453000	46.474998	21.516945	182.118210	
878	34.139999	0.180000	12.269000	1.251000	49.464001	20.216722	184.961227	
879	28.549999	0.197000	12.710000	1.240000	45.848999	21.810726	209.303574	
880	27.716000	0.191000	12.623000	1.243000	43.901001	22.778524	226.849960	
881	27.871000	0.190000	12.658000	1.331000	45.455002	21.999779	215.254425	
882	28.601999	0.182000	12.634000	1.180000	46.105999	21.689152	213.958710	
883	29.538000	10.755000	10.223000	0.636000	42.411999	23.578234	213.602783	
884	43.313999	0.183000	12.271000	0.533000	58.395000	17.124754	142.851288	
885	30.886000	0.197000	12.604000	0.862000	46.820999	21.357939	199.014847	
886	32.021999	0.205000	12.650024	1.346000	49.028015	20.396502	193.060516	
887	29.302999	0.185000	12.585000	1.269000	45.682999	21.889982	209.589447	
888	28.379000	0.195000	12.578000	0.502000	45.513000	21.971745	212.635406	
889	29.879999	0.197000	12.666000	1.245000	47.347000	21.120663	205.623306	
890	29.584999	0.199000	12.699000	1.370000	47.303001	21.140308	207.201157	
891	27.222000	0.433000	12.648000	0.574000	44.040001	22.706631	217.923660	
892	29.429001	0.185000	12.648000	0.585000	46.139999	21.673168	211.883484	
893	27.649000	0.470000	12.651000	1.282000	45.535999	21.960648	216.439255	
894	32.111000	0.188000	12.705000	1.255000	48.903000	20.448643	192.123123	
895	25.209000	0.213000	12.677000	1.317000	42.075001	23.767082	240.609451	
896	30.826000	0.197000	12.668000	0.560000	48.007000	20.830296	199.292221	
897	29.754000	0.231000	12.644000	1.358000	46.742001	21.394035	213.537537	
898	28.434000	0.196000	12.579000	0.510000	44.639999	22.401434	215.889648	
899	30.197001	0.199000	12.602000	1.266000	48.394001	20.663717	198.926758	
900	30.202999	0.346000	17.413000	0.533000	50.469002	19.814142	203.186157	
901	30.635000	0.188000	12.954000	1.269000	47.667999	20.978434	200.658813	
902	29.136000	0.177000	12.997000	0.529000	45.946999	21.764208	213.595520	
903	29.506001	0.184000	12.832000	1.258000	45.303001	22.073593	211.356735	
904	28.936001	0.198000	12.594000	1.263000	46.458000	21.524818	212.937668	
905	30.709999	0.203000	12.645000	0.523000	46.437000	21.534552	201.062805	
906	28.593000	0.213000	12.681000	0.500000	43.931999	22.762451	218.635544	
907	30.914000	0.177000	12.368000	0.574000	46.044998	21.717886	197.769897	
908	30.257996	0.245000	12.581000	0.564000	46.109009	21.687737	205.885849	
909	26.469000	0.355000	21.940001	0.556000	51.050999	19.588255	237.091370	
910	18.160000	0.498000	9.630000	0.492000	30.732000	32.539371	330.659393	
911	33.590000	0.195000	10.895000	1.292000	48.971001	20.420248	182.339905	
912	25.872000	0.205000	12.641000	1.315000	43.411999	23.035107	231.934540	
913	29.819000	0.191000	12.634000	1.298000	45.790001	21.838829	212.952072	
914	25.658001	0.193000	12.650000	1.288000	42.015999	23.800457	243.496262	
915	20.254999	0.193000	12.645000	1.230000	36.964001	27.053349	303.553833	
916	20.757000	0.776000	18.055000	0.458000	42.432999	23.566565	294.847534	
917	25.041000	0.640000	12.652000	0.625000	41.758999	23.946934	243.656586	
918	33.904999	0.194000	10.875000	1.234000	48.181999	20.754639	185.293533	
919	32.516998	0.189000	10.841000	0.498000	47.522999	21.042442	186.159775	
920	30.862000	0.467000	11.546000	0.520000	45.834000	21.817865	200.614029	
921	22.702000	0.163000	11.147000	0.549000	37.597000	26.597866	259.505707	
922	23.474001	0.207000	12.607000	1.297000	40.668999	24.588755	260.839813	
923	23.552999	0.197000	12.666000	1.336000	41.265999	24.233025	253.943741	
924	18.857000	0.418000	12.603000	1.300000	37.266998	26.833393	299.536102	
925	21.309000	0.193000	12.625000	1.294000	39.202000	25.508904	277.034637	
926	30.034000	0.180000	12.637000	1.333000	46.863998	21.338341	206.629532	
927	27.888000	0.184000	12.555000	1.242000	44.095001	22.678308	219.214493	
928	29.141001	0.180000	12.282000	0.538000	44.145000	22.652622	211.378052	
929	31.987000	0.178000	11.641000	0.587000	46.633999	21.443583	191.497437	
930	31.507999	0.204000	11.794983	0.579000	45.859009	21.805965	196.062698	
931	33.508999	0.212000	11.038000	0.465000	47.358002	21.115755	182.875214	
932	27.570999	0.167000	11.401000	0.412000	41.469002	24.114397	221.444382	
933	26.777000	0.186000	12.667000	1.279000	42.772999	23.379234	227.901764	
934	22.358999	0.191000	11.068000	1.300000	38.327000	26.091267	275.662964	
935	23.500000	0.198000	12.666000	1.314000	39.917000	25.051983	262.165863	
936	28.495001	0.224000	12.078000	0.505000	43.977001	22.739159	216.782318	
937	32.955002	0.234000	11.001000	0.489000	45.854000	21.808348	191.305267	
938	31.924999	0.167000	10.795000	0.491000	46.241001	21.625830	186.656845	
939	30.341000	0.204000	11.683000	0.515000	44.729000	22.356859	202.701736	
940	24.030001	0.187000	12.636000	0.597000	40.500999	24.690748	242.613617	
941	21.677999	0.194000	12.661000	0.559000	37.257999	26.839874	288.797607	
942	29.593000	0.194000	12.592000	0.493000	46.125000	21.680218	206.081314	
943	31.263000	0.185000	11.071000	0.495000	45.556000	21.951006	193.190918	
944	31.410999	0.171000	11.262000	0.553000	45.516998	21.969814	195.017380	
945	24.698999	0.182000	11.082000	0.562000	38.167999	26.199959	252.963531	
946	26.292999	0.201000	12.615000	1.340000	43.310001	23.089355	238.430161	
947	27.742001	0.192000	11.320000	0.554000	43.422001	23.029800	212.851212	
948	31.898001	0.198000	10.767000	0.469000	46.032001	21.724018	189.450333	
949	28.280001	0.185000	12.237000	0.545000	43.590000	22.941042	215.512482	
950	27.242001	0.181000	12.611000	0.530000	42.278999	23.652405	228.340149	
951	23.788000	0.213000	12.680000	0.484000	39.549999	25.284451	251.910156	
952	32.785000	0.212000	11.221000	0.484000	47.111000	21.226465	190.171875	
953	29.660000	0.194000	11.932007	0.541000	43.869019	22.795130	211.243195	
954	23.297001	0.197000	12.676000	0.558000	39.723000	25.174332	252.435745	
955	21.197001	0.197000	12.602000	1.261000	38.278999	26.123985	285.197479	
956	20.297001	0.557000	12.641000	1.306000	35.722000	27.993954	308.616516	
957	23.356001	0.178000	12.702000	0.445000	38.731998	25.818445	266.519379	
958	28.667000	0.181000	11.936000	0.497000	44.362999	22.541307	214.060638	
959	34.662998	0.194000	10.295000	0.477000	47.098000	21.232325	180.731842	
960	35.473999	0.208000	6.697000	0.483000	45.775002	21.845985	168.997971	
961	35.584999	0.167000	9.575000	0.493000	48.000000	20.833334	171.611694	
962	24.559999	0.218000	12.698000	1.365000	41.806000	23.920012	247.968475	
963	19.618999	0.187000	12.660000	0.484000	36.654999	27.281408	304.361511	
964	29.952000	0.199000	10.909000	0.461000	44.355999	22.544865	204.414062	
965	32.764999	0.172000	10.702000	0.535000	46.136002	21.675047	188.113510	
966	33.327999	0.202000	10.566000	0.490000	46.306000	21.595474	186.723343	
967	33.176998	0.483000	10.089000	0.468000	47.368000	21.111300	178.006332	
968	30.893000	0.192000	11.260000	0.527000	45.196999	22.125362	196.897202	
969	24.052000	0.182000	12.797000	0.502000	39.785999	25.134470	260.257141	
970	30.256001	0.186000	12.046000	0.472000	44.490002	22.476961	206.812927	
971	30.156000	0.224000	11.524000	0.511000	44.587002	22.428061	204.095764	
972	26.410000	0.175000	12.588000	0.508000	41.362000	24.176781	237.574799	
973	22.006001	0.209000	12.628000	0.553000	37.488998	26.674492	277.449982	
974	32.393002	0.247000	11.683000	0.530000	47.384998	21.103725	187.978592	
975	31.440001	0.212000	10.493000	0.483000	46.325001	21.586617	186.823151	
976	33.924011	0.213000	10.200000	0.460000	47.135986	21.215214	180.929291	
977	33.022999	0.196000	10.210000	0.480000	47.118999	21.222862	181.451157	
978	31.410999	0.183000	10.796000	0.481000	45.870998	21.800266	190.177628	
979	31.482000	11.395000	10.834000	0.477000	45.705002	21.879444	191.223862	
980	43.950001	0.141000	7.683000	0.515000	55.028000	18.172567	139.345657	
981	34.688999	0.183000	9.584000	0.495000	47.355000	21.117094	176.186844	
982	33.613998	0.191000	10.249000	0.448000	46.651001	21.435768	183.477875	
983	30.868999	0.164000	12.664000	0.526000	47.637001	20.992086	194.342697	
984	30.634001	0.473000	12.536000	0.485000	47.316002	21.134499	196.522018	
985	31.052000	0.206000	12.603000	1.314000	48.390999	20.665001	189.347702	
986	28.986000	0.176000	12.640000	1.252000	44.950001	22.246941	211.819275	
987	26.160999	0.181000	12.663000	1.447000	43.221001	23.136900	244.641922	
988	26.999001	0.184000	12.635000	0.530000	43.723000	22.871258	228.414749	
989	27.365000	0.196000	12.653000	1.447000	45.241001	22.103844	223.927109	
990	26.413000	0.213000	12.732000	1.450000	44.881001	22.281143	231.337570	
991	26.121000	0.194000	12.725000	0.538000	42.358002	23.608290	235.036484	
992	27.073999	0.209000	12.654000	0.668000	44.400002	22.522522	227.761520	
993	27.900999	0.198000	12.616000	1.349000	43.848000	22.806057	228.472809	
994	26.579000	0.197000	12.669000	0.619000	43.872002	22.793581	228.913422	
995	27.055000	0.196000	12.629000	1.304000	43.757000	22.853487	228.771912	
996	27.032000	0.295000	21.021000	0.671000	51.466999	19.429926	224.006836	
997	20.764000	0.191000	10.556000	0.557000	34.687000	28.829245	285.533997	
998	31.843018	0.193000	12.615000	0.639000	48.177002	20.756792	191.847748	
999	18.923000	0.458000	12.664000	0.599000	35.895000	27.859034	308.419830	
1000	30.158001	0.192000	12.685000	0.742000	45.832001	21.818817	209.178329	
1001	26.490000	0.190000	12.560000	1.378000	42.675999	23.432375	238.114288	
1002	19.785999	0.755000	24.306999	0.473000	48.702999	20.532616	298.088501	
1003	9.554000	0.122000	9.516000	0.548000	21.864000	45.737286	596.120544	
1004	23.224001	0.219000	12.595000	0.630000	39.493000	25.320944	261.947571	
1005	18.176001	0.212000	12.708000	1.261000	35.498001	28.170601	317.381653	
1006	21.083000	0.527000	12.670000	1.350000	37.991001	26.322023	300.940216	
1007	18.108999	0.207000	13.199000	0.564000	33.129002	30.185032	353.591644	
1008	19.722000	0.220000	10.834000	0.726000	35.485001	28.180922	280.918732	
1009	22.243000	0.192000	12.690000	1.229000	37.358002	26.768026	284.758575	
1010	20.417000	0.205000	12.656000	1.366000	36.411999	27.463474	309.329651	
1011	20.629999	0.211000	12.585000	0.594000	35.868999	27.879227	297.384003	
1012	26.459000	5.820000	12.632000	0.691000	43.764000	22.849831	221.467758	
1013	33.313999	0.201000	10.873000	1.295000	47.139000	21.213858	188.564545	
1014	31.492001	0.176000	12.480000	1.283000	47.648998	20.986799	194.553040	
1015	32.334999	0.191000	12.203000	0.528000	48.777000	20.501465	182.054993	
1016	29.396999	0.176000	7.269000	0.479000	40.090000	24.943876	202.297623	
1017	35.949001	0.179000	11.216000	0.676000	49.411999	20.237999	175.871658	
1018	0.165000	3.479000	10.671000	30.365000	32.932652	427.263550	8.682996	
1019	0.147000	4.523000	0.409000	63.698002	15.699080	108.072769	-2.377182	
1020	0.135000	4.513000	0.503000	63.890999	15.651657	107.857849	-3.399053	
1021	0.115000	4.520000	0.419000	57.091000	17.515896	121.866043	-179.000000	
1022	0.226000	4.634000	0.403000	54.179001	18.457336	130.096283	-584.500000	
1023	0.127000	4.561000	0.447000	51.683998	19.348349	136.741058	0.000000	
